-- phpMyAdmin SQL Dump
-- version 5.3.0-dev+20220628.14f90d77f8
-- https://www.phpmyadmin.net/
--
-- Servidor: 127.0.0.1
-- Tiempo de generación: 15-12-2022 a las 03:23:30
-- Versión del servidor: 10.4.24-MariaDB
-- Versión de PHP: 8.1.4

SET SQL_MODE = "NO_AUTO_VALUE_ON_ZERO";
START TRANSACTION;
SET time_zone = "+00:00";


/*!40101 SET @OLD_CHARACTER_SET_CLIENT=@@CHARACTER_SET_CLIENT */;
/*!40101 SET @OLD_CHARACTER_SET_RESULTS=@@CHARACTER_SET_RESULTS */;
/*!40101 SET @OLD_COLLATION_CONNECTION=@@COLLATION_CONNECTION */;
/*!40101 SET NAMES utf8mb4 */;

--
-- Base de datos: `mvc`
--

-- --------------------------------------------------------

--
-- Estructura de tabla para la tabla `categories`
--

CREATE TABLE `categories` (
  `id` int(11) NOT NULL,
  `name` varchar(350) NOT NULL,
  `icon` varchar(1200) DEFAULT NULL
) ENGINE=InnoDB DEFAULT CHARSET=utf8mb4;

--
-- Volcado de datos para la tabla `categories`
--

INSERT INTO `categories` (`id`, `name`, `icon`) VALUES
(1, 'televisores', 'https://lh3.googleusercontent.com/GWteyyMrhEGkd28YMG2Bz_2ZnDMuqplrHleLu9qGFaRX5o0xgr-AWto4sLptVQiwbS872Evt1FRnagBTibRJXwnxOPDfMKLkh6aKEZPMIIO8HZoVooA-HMJ7tqnYKWfAM3uGSuE_T75GOXoQvKfXslwfBSR7UDSsyovt8V-9ll6hyljnbMCaylcL2ITdKQS1F5JfRs1gJDRipro9S2CgXEWTSNlxv5XgFLkHRlp8BEaIjfZoxHwVC1wNEre76Sohgk6nM21Jj46PxJZHQ_ru01IaOIiisAPGD6fNhPDVmqDWQ-p8tQTz3ke_K7SjPtf7ERjor3BK2SFlRLGgTom2RpuU2Q4dLwvJ0DoW5Svie_YCR6zzucBKpZ6L8eFs-GuUGql017yJoejx9BVcjCMBXnNl1QaDOTZcDinZXsdt-1aurCB9ukWnWOmaNa7ise48Yd1Wg-qFxWiExVQDiH-LzUzV2ppd77qG9_pc6QgjR3EylAYOxkpG30Bydrdu4od1v0UBS570Y4LVLsy9I1D-1FiVdVjQvTog67AaKKaPti4TvpN3iaFcvlgNvkuX5qLophFLwWMAh6NkttWi2geDNS3DiuapLzIZy0CtmW_OhHOPT-5js5hqvNEOacpanuujoESqszdqkd1aIkMOVOpRBFaxtGL3dDXyZICn4_EgUtvc_f8mYTL0NmANkbHS9ZEkE6gWfNPlF3KtdBrgKUW7enreieUDfx7i08DNO6CSK3unBroS9Jlm0U-kM1hKzseKuRx0Ww9T5kzRt7Wf2SJ9FYYUrKSY74Du=s512-no?authuser=1'),
(2, 'heladeras', 'https://lh3.googleusercontent.com/ST5KLE2vsPo2n4N39EgHVy2_BWgjzVMaV4U-pewa5MNsYImV51CBTfLXhOub7CwBqQW09A7TjrIvQWrJjhoJ2QY97xhCKS4vWb24z4YBy5ACVOOGZ67-rgwjbnUxeoqrLaD0s16Ij4wBe1nHSey_1hqDbR-9SpUi3HHrooIPMWTr-KQFLIblPRz6BzrVz3QwlNu3npwVI67-QTqn_5WlN_3e-lWW6UKf6zRXZ_DgWu6l3SSSOQOmq3GrMiyXUESowJvjk2ZQcitdicqLrWBsniiUC8zUXJfMrT0p7cYVcMO3ygIY6MlY_8rUnSepd4kJdagYQzDz8EVI8Vxw4igsJzW_4rhiZbaW2WDE029zQdZg3ZLUQAQDBAFmki5DmxEUh8-aeXwAW47a9F_je0gG08VzLqaMHzrtRTYrsmG6Fsyg3TWpvim4bSAo8VRNjlWnNXiGhbHw3M24-NjWdgYe6O4fsAZecZInS8R-6nymGKTvyWHAj1Gk6bzG12UsV3fjew1gddlksbt4WGmAnt4jAIe8hQ46SfHNd9h1g3-B7VqQG603nRu2WwLIxWb3s2DriHlIhoJMimxTkv6-YgL9NH3vQBrh3YI8mQSpcatCH-cdOtpdIs3I-VeJn93Vn9N2Ft7xVaSzv2oPtaxTzJL56JCQQYFk00t1g7jusbSKW0R1FraOorY77vGNlM2e0LPWWMm0LqIN_7VgayGtJLmGCgsIz6sxkaZekhUCO71lqqF0un1chumt09MJJ8I7SXTA56OYOqwsL0vmjDHI0_NTbDU06Lh6H5jW=s512-no?authuser=1'),
(3, 'lavarropas', 'https://lh3.googleusercontent.com/fHrwQhCN8hAN7y4y7_FpHT0nzhERd2V8T16VcX-QYwNn0I-zLYHU0Uy9Dk2sVit-NUXu_nceTOtzvDEXK33Aq7zDSqB53_hpwCV0YE21eRSN_9egZ2sOR17NodPdrTIgiWImlAmU3IqV8pQE5WaDw0ZZq_xEoBKnroiLab-EmADXwSnkYmdWUiZGPf2M3UaL0EJB5I-Jiizdo43rKvH1XrPjYSrAipSsfP9Kcf6mubuulUXyCOabHOhzugzH3rhZ9mfVgNVdeQiidT4ZV9PsakE1y_1YY4eLAvV-V8r4ZAPSfOl2cHrs6p3G4qaezNNcwMBliF0ktdhyGW7xGDxTJJKFNYWe1V7ICr6IYYsNqVJHoC1iPoq-G-gjrx_jJZsFFFnQ-osbjH_P6Num96kkKzIeJUCIp4HsDMfW7Xn8MYCR5WNj4NsPNEg8zD3DXH8w1hJB6CNnoEzjvNPfhUKNAXLOPHm3ebL3AiNIax5SEp3RNRfkjVwvabISfAMpLoppUY6WpefLQcGAxNMlrZtBMmywYmv2pkBXQSeMKFPk1pLWRiUozqCfFuwAslB8w1-7B_g0x63OBhVXOR4ifS2PZ6T-SNRgFSdhz9ZgqtEdk1az19z-arh8k90HR0aYE0YnMUMbskfa_TqZfC2e0Tg1_SoX_8cm_-sMkO20ktqmemEP18m3FCNjQ8MLE0vOHRxW0uF-Ky389yexhEGvJBZzArZAiixXC8vcY4LVcpyBPoWRyj1VjicINLgyc86iGxt7icLW_0IZX8SgLwm6EEQS0TrY0mowrGJx=s512-no?authuser=1'),
(4, 'celulares', 'https://lh3.googleusercontent.com/R4v68IqR12UByDm3b5VlO5BQ7GizVGChqARJDFUg7B0cg2OoHAl8sx6EJEK71SCNFdS0kHwsqRPHrR4glCtO9PvrYnDW4uuietKAN6QVRokpoZfUcHwUqLVrtB8FJZVjrDS6sZK00Xcci1EmP237R0NloQKT30e5J1yjyQ8_2EgnOkjaT4eruLu4ySDHL33idYBcIXOuqnFUMLcXel4uquU6XXcPnQqlimMJdo0tsjINum4neW2ykEpQfjyqGZ49BhN5bpaMxL9FQZ5MjCUoXpbDEIqcDJpGZmjRUTwueJf860PXEywyH95HGQ0Q0Bnqr5fS6VeLcAHrNKxMcBA5t-bNJ15YEWDg0oheeskjr87lCxroQ_WF8X7_L_sTUn5v8-C52vSS1Tm3gYz-tTUwxaR5LE-PoX27nae2bnLnkRB74Zu47ibnTc6IPJO2H19sFS-uM88Hkq5AwC8rggCTg0dpie8YGsrvjap3rSvnGfYbKewkwEA-APZcybh2f94oHZXAfVTjmqR8oBe_7Jhk93WMXc6wS67d7b4rtp5vo5dcRNtSh_ym6pG0h8U5dfp-zA4xZvDEGcx60B-DJhwvTktHHd3GV_4ZW6OpX3hIdsN5fhu0WZf_GgRUONPajqE7Y-9kiqLBffxuB52u7o2urudfIGsmjHEa2SxUxwExGstQZNaJoI0cMmhtpf3qjqX5p2PSKmEfyBnPTAPolQ_lsWk3zDiQ6tlrlAsETwQxBa_DuqdyydO5ME7Ztms6GC55wbfylKCimTt5mixHM1xEhnq1CPaCT5nJ=s512-no?authuser=1'),
(5, 'notebooks', 'https://lh3.googleusercontent.com/DMKD2X03k5t7ihvfPxD4eWxMJyWphebsEvKYRa8czEDUO11MCMMkqiyq9enVrdQH3SjZmiEfcPc2T_ACP1XL52O8QLaDkx_JalJ0TpQWL0-0u4F2GOU1KLCw8VOB9Wl5IpndyOICyrBGp_dQZp4bQuR3dXLbq0m8xeeuYGS_HLSoC0eRIdkbr5hbcoA3OAa6SLiq9IT7_1sZX-T043NSYBVE02ub1p237llsoHLbI2GGYSEcOtMAJw7P4fnxNSqriPHCQ6CZe_Xg7lj8Fcl76SKpiwULWjvjxAfNAQsLxYnw20VHVIst4Y8i06JZSnHFWO0gRWtCub0Pf_EwMVtttXJmnrsktEOjY1p3eKCq-VA4Na2EeF3kghyIh3H93NJzUgwn-9kfXpDyatlLl7SbM8Jwia55F6Ndx8zdnZC0S9bSudkgNkU-QuVEGBVuFrhnAW3tmRHnPGXueU7YZzHBDT1wV2TybCiQKKj_jXe8QFUyXlL85vnJeBHSnQWG4MB2CbUPZRwnhzW4khIY63JZPm-XnW8Bo3JO8g82MRBajYRDiMthYIa86MRfIbHJHs9yiXQTi8ruT8fvIMGzabjKzVsWx2BS1Vi1bkLJHWjvlTkvKEN2S4jOJ5dFZkcNdfMixKdfpAOJMmEYEIWhE5zSy-HjQ0XaUjbVv4GGFdkYnTeXp9P0HfK75gplO8bsIJQya6FYWKWZSN4VQBpX2MqBR7pTMElsroX76CP-CHza_dXJU1ulxPw0InFMQLb3OUSqvLbX9a8UsgbT-hgVG6A1fLTuXYSrVKNK=s512-no?authuser=1');

-- --------------------------------------------------------

--
-- Estructura de tabla para la tabla `details`
--

CREATE TABLE `details` (
  `id` int(11) NOT NULL,
  `precio_unitario` varchar(150) NOT NULL,
  `cantidad` varchar(150) NOT NULL,
  `total` varchar(150) NOT NULL,
  `nombre` varchar(150) NOT NULL,
  `id_order` varchar(150) NOT NULL,
  `id_product` varchar(150) NOT NULL,
  `picture` varchar(350) DEFAULT NULL
) ENGINE=InnoDB DEFAULT CHARSET=utf8mb4;

--
-- Volcado de datos para la tabla `details`
--

INSERT INTO `details` (`id`, `precio_unitario`, `cantidad`, `total`, `nombre`, `id_order`, `id_product`, `picture`) VALUES
(7, '103720', '2', '207440', 'Xiaomi Pocophone Poco X4 Pro 5G Dual SIM 256 GB poco yellow 8 GB RAM', '1', '74', NULL),
(8, '109399', '1', '109399', 'Notebook Dell Inspiron 3505 silver 15.6\", AMD Ryzen 5 3450U 8GB de RAM 256GB SSD, AMD Radeon RX Vega 8 (Ryzen 2000/3000) 60 Hz 1366x768px Windows 11 H', '1', '50', NULL),
(9, '53999', '2', '107998', 'Moto G60s 128 GB aqua 6 GB RAM', '2', '64', NULL),
(10, '69999', '1', '69999', 'CAT S42 Dual SIM 32 GB negro 3 GB RAM', '2', '79', NULL),
(11, '76230', '2', '152460', 'Heladera Gafa HGF387AF plata con freezer 374L 220V', '3', '6', NULL),
(13, '74199', '4', '296796', 'Notebook Exo Smart L37e Plus 4gb Ssd 64gb + 1tb Windows 11', '3', '42', NULL),
(15, '72299', '1', '72299', 'Lavarropas automático Samsung WW70M0NH blanco 7kg 220 V', '6', '24', NULL),
(16, '299999', '1', '299999', 'Lavasecarropas automático Samsung WD22N8750K negro 22kg 220 V - 240 V', '6', '26', NULL),
(17, '72299', '1', '72299', 'Lavarropas automático Samsung WW70M0NH blanco 7kg 220 V', '8', '24', 'https://http2.mlstatic.com/D_NQ_NP_785493-MLA44913983508_022021-O.webp'),
(18, '299999', '1', '299999', 'Lavasecarropas automático Samsung WD22N8750K negro 22kg 220 V - 240 V', '8', '26', 'https://http2.mlstatic.com/D_NQ_NP_913629-MLA44835817396_022021-O.webp'),
(19, '79999', '11', '879989', 'Smart Tv Tcl Led 50 L50p615 Uhd 4k Android Tv Control De Voz', '12', '1', 'https://http2.mlstatic.com/D_NQ_NP_864549-MLA50220562227_062022-V.webp'),
(20, '116999', '2', '233998', 'Heladera Patrick HPK151M11 black steel con freezer 388L 220V', '13', '7', 'https://http2.mlstatic.com/D_NQ_NP_644934-MLA49827171382_052022-O.webp'),
(21, '197999', '4', '791996', 'Heladera no frost Philco PHSB530XT inox con freezer 580L 220V', '13', '11', 'https://http2.mlstatic.com/D_NQ_NP_906257-MLA40411842640_012020-O.webp'),
(22, '197999', '1', '197999', 'Heladera no frost Philco PHSB530XT inox con freezer 580L 220V', '14', '11', 'https://http2.mlstatic.com/D_NQ_NP_906257-MLA40411842640_012020-O.webp'),
(23, '191999', '4', '767996', 'Heladera no frost Philco 94PHSB555XT plateada con freezer 555L 220V', '15', '13', 'https://http2.mlstatic.com/D_NQ_NP_945105-MLA45241321590_032021-O.webp'),
(24, '79999', '6', '479994', 'Smart Tv Tcl Led 50 L50p615 Uhd 4k Android Tv Control De Voz', '16', '1', 'https://http2.mlstatic.com/D_NQ_NP_864549-MLA50220562227_062022-V.webp'),
(25, '595850', '5', '2979250', 'Heladera inverter no frost Vondom SBS 605 acero inoxidable con freezer 605L 220V - 240V', '16', '5', 'https://http2.mlstatic.com/D_NQ_NP_800441-MLA43406417180_092020-O.webp'),
(26, '76230', '4', '304920', 'Heladera Gafa HGF387AF plata con freezer 374L 220V', '17', '6', 'https://http2.mlstatic.com/D_NQ_NP_733793-MLA40492791579_012020-O.webp');

-- --------------------------------------------------------

--
-- Estructura de tabla para la tabla `orders`
--

CREATE TABLE `orders` (
  `id` int(11) NOT NULL,
  `total` varchar(150) NOT NULL,
  `id_user` varchar(150) NOT NULL,
  `fecha` date NOT NULL
) ENGINE=InnoDB DEFAULT CHARSET=utf8mb4;

--
-- Volcado de datos para la tabla `orders`
--

INSERT INTO `orders` (`id`, `total`, `id_user`, `fecha`) VALUES
(1, '316839', '1', '2022-06-14'),
(2, '177997', '1', '2022-06-14'),
(6, '372298', '1', '2022-12-11'),
(8, '372298', '1', '2022-12-12'),
(12, '879989', '3', '2022-12-14'),
(13, '1025994', '3', '2022-12-14'),
(14, '197999', '3', '2022-12-14'),
(15, '767996', '3', '2022-12-14'),
(16, '3459244', '1', '2022-12-14'),
(17, '304920', '1', '2022-12-14');

-- --------------------------------------------------------

--
-- Estructura de tabla para la tabla `products`
--

CREATE TABLE `products` (
  `id` int(11) NOT NULL,
  `name` varchar(350) NOT NULL,
  `picture` varchar(350) DEFAULT NULL,
  `price` varchar(150) NOT NULL,
  `id_category` int(11) DEFAULT NULL,
  `stock` varchar(150) DEFAULT NULL,
  `descripcion` varchar(800) DEFAULT NULL
) ENGINE=InnoDB DEFAULT CHARSET=utf8mb4;

--
-- Volcado de datos para la tabla `products`
--

INSERT INTO `products` (`id`, `name`, `picture`, `price`, `id_category`, `stock`, `descripcion`) VALUES
(1, 'Smart Tv Tcl Led 50 L50p615 Uhd 4k Android Tv Control De Voz', 'https://http2.mlstatic.com/D_NQ_NP_864549-MLA50220562227_062022-V.webp', '79999', 1, '0', 'Lorem ipsum dolor sit amet consectetur adipisicing elit. Illum, ex voluptates magni eos laboriosam placeat ducimus veritatis esse tempore repudiandae itaque eligendi fuga impedit, et similique? Itaque voluptate velit illum! Lorem ipsum dolor sit amet consectetur adipisicing elit. Illum, ex voluptates magni eos laboriosam placeat ducimus veritatis esse tempore repudiandae itaque eligendi fuga impedit, et similique? Itaque voluptate velit illum! Lorem ipsum dolor sit amet consectetur adipisicing elit. Illum, ex voluptates magni eos laboriosam placeat ducimus veritatis esse tempore repudiandae itaque eligendi fuga impedit, et similique? Itaque voluptate velit illum! Lorem ipsum dolor sit amet consectetur adipisicing elit. Illum, ex voluptates magni eos laboriosam placeat ducimus veritatis ess'),
(3, 'Heladera inverter no frost Whirlpool WRM56D2 blanca con freezer 462L 220V', 'https://http2.mlstatic.com/D_NQ_NP_663545-MLA47202537513_082021-O.webp', '202399', 2, '5', 'Lorem ipsum dolor sit amet consectetur adipisicing elit. Illum, ex voluptates magni eos laboriosam placeat ducimus veritatis esse tempore repudiandae itaque eligendi fuga impedit, et similique? Itaque voluptate velit illum! Lorem ipsum dolor sit amet consectetur adipisicing elit. Illum, ex voluptates magni eos laboriosam placeat ducimus veritatis esse tempore repudiandae itaque eligendi fuga impedit, et similique? Itaque voluptate velit illum! Lorem ipsum dolor sit amet consectetur adipisicing elit. Illum, ex voluptates magni eos laboriosam placeat ducimus veritatis esse tempore repudiandae itaque eligendi fuga impedit, et similique? Itaque voluptate velit illum! Lorem ipsum dolor sit amet consectetur adipisicing elit. Illum, ex voluptates magni eos laboriosam placeat ducimus veritatis ess'),
(4, 'Heladera no frost Whirlpool WRE80 inox con freezer 573L 220V', 'https://http2.mlstatic.com/D_NQ_NP_700926-MLA50021246552_052022-O.webp', '290787', 2, '0', 'Lorem ipsum dolor sit amet consectetur adipisicing elit. Illum, ex voluptates magni eos laboriosam placeat ducimus veritatis esse tempore repudiandae itaque eligendi fuga impedit, et similique? Itaque voluptate velit illum! Lorem ipsum dolor sit amet consectetur adipisicing elit. Illum, ex voluptates magni eos laboriosam placeat ducimus veritatis esse tempore repudiandae itaque eligendi fuga impedit, et similique? Itaque voluptate velit illum! Lorem ipsum dolor sit amet consectetur adipisicing elit. Illum, ex voluptates magni eos laboriosam placeat ducimus veritatis esse tempore repudiandae itaque eligendi fuga impedit, et similique? Itaque voluptate velit illum! Lorem ipsum dolor sit amet consectetur adipisicing elit. Illum, ex voluptates magni eos laboriosam placeat ducimus veritatis ess'),
(5, 'Heladera inverter no frost Vondom SBS 605 acero inoxidable con freezer 605L 220V - 240V', 'https://http2.mlstatic.com/D_NQ_NP_800441-MLA43406417180_092020-O.webp', '595850', 2, '24', 'Lorem ipsum dolor sit amet consectetur adipisicing elit. Illum, ex voluptates magni eos laboriosam placeat ducimus veritatis esse tempore repudiandae itaque eligendi fuga impedit, et similique? Itaque voluptate velit illum! Lorem ipsum dolor sit amet consectetur adipisicing elit. Illum, ex voluptates magni eos laboriosam placeat ducimus veritatis esse tempore repudiandae itaque eligendi fuga impedit, et similique? Itaque voluptate velit illum! Lorem ipsum dolor sit amet consectetur adipisicing elit. Illum, ex voluptates magni eos laboriosam placeat ducimus veritatis esse tempore repudiandae itaque eligendi fuga impedit, et similique? Itaque voluptate velit illum! Lorem ipsum dolor sit amet consectetur adipisicing elit. Illum, ex voluptates magni eos laboriosam placeat ducimus veritatis ess'),
(6, 'Heladera Gafa HGF387AF plata con freezer 374L 220V', 'https://http2.mlstatic.com/D_NQ_NP_733793-MLA40492791579_012020-O.webp', '76230', 2, '24', 'Lorem ipsum dolor sit amet consectetur adipisicing elit. Illum, ex voluptates magni eos laboriosam placeat ducimus veritatis esse tempore repudiandae itaque eligendi fuga impedit, et similique? Itaque voluptate velit illum! Lorem ipsum dolor sit amet consectetur adipisicing elit. Illum, ex voluptates magni eos laboriosam placeat ducimus veritatis esse tempore repudiandae itaque eligendi fuga impedit, et similique? Itaque voluptate velit illum! Lorem ipsum dolor sit amet consectetur adipisicing elit. Illum, ex voluptates magni eos laboriosam placeat ducimus veritatis esse tempore repudiandae itaque eligendi fuga impedit, et similique? Itaque voluptate velit illum! Lorem ipsum dolor sit amet consectetur adipisicing elit. Illum, ex voluptates magni eos laboriosam placeat ducimus veritatis ess'),
(7, 'Heladera Patrick HPK151M11 black steel con freezer 388L 220V', 'https://http2.mlstatic.com/D_NQ_NP_644934-MLA49827171382_052022-O.webp', '116999', 2, '6', 'Lorem ipsum dolor sit amet consectetur adipisicing elit. Illum, ex voluptates magni eos laboriosam placeat ducimus veritatis esse tempore repudiandae itaque eligendi fuga impedit, et similique? Itaque voluptate velit illum! Lorem ipsum dolor sit amet consectetur adipisicing elit. Illum, ex voluptates magni eos laboriosam placeat ducimus veritatis esse tempore repudiandae itaque eligendi fuga impedit, et similique? Itaque voluptate velit illum! Lorem ipsum dolor sit amet consectetur adipisicing elit. Illum, ex voluptates magni eos laboriosam placeat ducimus veritatis esse tempore repudiandae itaque eligendi fuga impedit, et similique? Itaque voluptate velit illum! Lorem ipsum dolor sit amet consectetur adipisicing elit. Illum, ex voluptates magni eos laboriosam placeat ducimus veritatis ess'),
(8, 'Heladera no frost Patrick HPK450M00 inoxidable con freezer 407L 220V', 'https://http2.mlstatic.com/D_NQ_NP_765605-MLA45304818391_032021-O.webp', '128999', 2, '22', 'Lorem ipsum dolor sit amet consectetur adipisicing elit. Illum, ex voluptates magni eos laboriosam placeat ducimus veritatis esse tempore repudiandae itaque eligendi fuga impedit, et similique? Itaque voluptate velit illum! Lorem ipsum dolor sit amet consectetur adipisicing elit. Illum, ex voluptates magni eos laboriosam placeat ducimus veritatis esse tempore repudiandae itaque eligendi fuga impedit, et similique? Itaque voluptate velit illum! Lorem ipsum dolor sit amet consectetur adipisicing elit. Illum, ex voluptates magni eos laboriosam placeat ducimus veritatis esse tempore repudiandae itaque eligendi fuga impedit, et similique? Itaque voluptate velit illum! Lorem ipsum dolor sit amet consectetur adipisicing elit. Illum, ex voluptates magni eos laboriosam placeat ducimus veritatis ess'),
(9, 'Heladera Gafa HGF367AF blanca con freezer 330L 220V', 'https://http2.mlstatic.com/D_NQ_NP_735990-MLA48848748004_012022-O.webp', '65399', 2, '6', 'Lorem ipsum dolor sit amet consectetur adipisicing elit. Illum, ex voluptates magni eos laboriosam placeat ducimus veritatis esse tempore repudiandae itaque eligendi fuga impedit, et similique? Itaque voluptate velit illum! Lorem ipsum dolor sit amet consectetur adipisicing elit. Illum, ex voluptates magni eos laboriosam placeat ducimus veritatis esse tempore repudiandae itaque eligendi fuga impedit, et similique? Itaque voluptate velit illum! Lorem ipsum dolor sit amet consectetur adipisicing elit. Illum, ex voluptates magni eos laboriosam placeat ducimus veritatis esse tempore repudiandae itaque eligendi fuga impedit, et similique? Itaque voluptate velit illum! Lorem ipsum dolor sit amet consectetur adipisicing elit. Illum, ex voluptates magni eos laboriosam placeat ducimus veritatis ess'),
(10, 'Heladera Freezer Superior Samsung No Frost 318 L Rt32k5930sl', 'https://http2.mlstatic.com/D_NQ_NP_693111-MLA31021811219_062019-O.webp', '159999', 2, '3', 'Lorem ipsum dolor sit amet consectetur adipisicing elit. Illum, ex voluptates magni eos laboriosam placeat ducimus veritatis esse tempore repudiandae itaque eligendi fuga impedit, et similique? Itaque voluptate velit illum! Lorem ipsum dolor sit amet consectetur adipisicing elit. Illum, ex voluptates magni eos laboriosam placeat ducimus veritatis esse tempore repudiandae itaque eligendi fuga impedit, et similique? Itaque voluptate velit illum! Lorem ipsum dolor sit amet consectetur adipisicing elit. Illum, ex voluptates magni eos laboriosam placeat ducimus veritatis esse tempore repudiandae itaque eligendi fuga impedit, et similique? Itaque voluptate velit illum! Lorem ipsum dolor sit amet consectetur adipisicing elit. Illum, ex voluptates magni eos laboriosam placeat ducimus veritatis ess'),
(11, 'Heladera no frost Philco PHSB530XT inox con freezer 580L 220V', 'https://http2.mlstatic.com/D_NQ_NP_906257-MLA40411842640_012020-O.webp', '197999', 2, '2', 'Lorem ipsum dolor sit amet consectetur adipisicing elit. Illum, ex voluptates magni eos laboriosam placeat ducimus veritatis esse tempore repudiandae itaque eligendi fuga impedit, et similique? Itaque voluptate velit illum! Lorem ipsum dolor sit amet consectetur adipisicing elit. Illum, ex voluptates magni eos laboriosam placeat ducimus veritatis esse tempore repudiandae itaque eligendi fuga impedit, et similique? Itaque voluptate velit illum! Lorem ipsum dolor sit amet consectetur adipisicing elit. Illum, ex voluptates magni eos laboriosam placeat ducimus veritatis esse tempore repudiandae itaque eligendi fuga impedit, et similique? Itaque voluptate velit illum! Lorem ipsum dolor sit amet consectetur adipisicing elit. Illum, ex voluptates magni eos laboriosam placeat ducimus veritatis ess'),
(12, 'Heladera Patrick HPK136M00 silver con freezer 314L 220V', 'https://http2.mlstatic.com/D_NQ_NP_818760-MLA49827779440_052022-O.webp', '72680', 2, '8', 'Lorem ipsum dolor sit amet consectetur adipisicing elit. Illum, ex voluptates magni eos laboriosam placeat ducimus veritatis esse tempore repudiandae itaque eligendi fuga impedit, et similique? Itaque voluptate velit illum! Lorem ipsum dolor sit amet consectetur adipisicing elit. Illum, ex voluptates magni eos laboriosam placeat ducimus veritatis esse tempore repudiandae itaque eligendi fuga impedit, et similique? Itaque voluptate velit illum! Lorem ipsum dolor sit amet consectetur adipisicing elit. Illum, ex voluptates magni eos laboriosam placeat ducimus veritatis esse tempore repudiandae itaque eligendi fuga impedit, et similique? Itaque voluptate velit illum! Lorem ipsum dolor sit amet consectetur adipisicing elit. Illum, ex voluptates magni eos laboriosam placeat ducimus veritatis ess'),
(13, 'Heladera no frost Philco 94PHSB555XT plateada con freezer 555L 220V', 'https://http2.mlstatic.com/D_NQ_NP_945105-MLA45241321590_032021-O.webp', '191999', 2, '15', 'Lorem ipsum dolor sit amet consectetur adipisicing elit. Illum, ex voluptates magni eos laboriosam placeat ducimus veritatis esse tempore repudiandae itaque eligendi fuga impedit, et similique? Itaque voluptate velit illum! Lorem ipsum dolor sit amet consectetur adipisicing elit. Illum, ex voluptates magni eos laboriosam placeat ducimus veritatis esse tempore repudiandae itaque eligendi fuga impedit, et similique? Itaque voluptate velit illum! Lorem ipsum dolor sit amet consectetur adipisicing elit. Illum, ex voluptates magni eos laboriosam placeat ducimus veritatis esse tempore repudiandae itaque eligendi fuga impedit, et similique? Itaque voluptate velit illum! Lorem ipsum dolor sit amet consectetur adipisicing elit. Illum, ex voluptates magni eos laboriosam placeat ducimus veritatis ess'),
(14, 'Heladera Philco PHSB482XT negra con freezer 482L 220V', 'https://http2.mlstatic.com/D_NQ_NP_838343-MLA48753479691_012022-O.webp', '249999', 2, '4', 'Lorem ipsum dolor sit amet consectetur adipisicing elit. Illum, ex voluptates magni eos laboriosam placeat ducimus veritatis esse tempore repudiandae itaque eligendi fuga impedit, et similique? Itaque voluptate velit illum! Lorem ipsum dolor sit amet consectetur adipisicing elit. Illum, ex voluptates magni eos laboriosam placeat ducimus veritatis esse tempore repudiandae itaque eligendi fuga impedit, et similique? Itaque voluptate velit illum! Lorem ipsum dolor sit amet consectetur adipisicing elit. Illum, ex voluptates magni eos laboriosam placeat ducimus veritatis esse tempore repudiandae itaque eligendi fuga impedit, et similique? Itaque voluptate velit illum! Lorem ipsum dolor sit amet consectetur adipisicing elit. Illum, ex voluptates magni eos laboriosam placeat ducimus veritatis ess'),
(15, 'Heladera inverter no frost Samsung RT32K5070 elegant inox con freezer 321L 220V\" 220V', 'https://http2.mlstatic.com/D_NQ_NP_870654-MLA41133069889_032020-O.webp', '120999', 2, '9', 'Lorem ipsum dolor sit amet consectetur adipisicing elit. Illum, ex voluptates magni eos laboriosam placeat ducimus veritatis esse tempore repudiandae itaque eligendi fuga impedit, et similique? Itaque voluptate velit illum! Lorem ipsum dolor sit amet consectetur adipisicing elit. Illum, ex voluptates magni eos laboriosam placeat ducimus veritatis esse tempore repudiandae itaque eligendi fuga impedit, et similique? Itaque voluptate velit illum! Lorem ipsum dolor sit amet consectetur adipisicing elit. Illum, ex voluptates magni eos laboriosam placeat ducimus veritatis esse tempore repudiandae itaque eligendi fuga impedit, et similique? Itaque voluptate velit illum! Lorem ipsum dolor sit amet consectetur adipisicing elit. Illum, ex voluptates magni eos laboriosam placeat ducimus veritatis ess'),
(16, 'Heladera no frost Electrolux DFN3000 plata con freezer 260L 220V', 'https://http2.mlstatic.com/D_NQ_NP_778938-MLA41150768076_032020-O.webp', '93981', 2, '9', 'Lorem ipsum dolor sit amet consectetur adipisicing elit. Illum, ex voluptates magni eos laboriosam placeat ducimus veritatis esse tempore repudiandae itaque eligendi fuga impedit, et similique? Itaque voluptate velit illum! Lorem ipsum dolor sit amet consectetur adipisicing elit. Illum, ex voluptates magni eos laboriosam placeat ducimus veritatis esse tempore repudiandae itaque eligendi fuga impedit, et similique? Itaque voluptate velit illum! Lorem ipsum dolor sit amet consectetur adipisicing elit. Illum, ex voluptates magni eos laboriosam placeat ducimus veritatis esse tempore repudiandae itaque eligendi fuga impedit, et similique? Itaque voluptate velit illum! Lorem ipsum dolor sit amet consectetur adipisicing elit. Illum, ex voluptates magni eos laboriosam placeat ducimus veritatis ess'),
(17, 'Heladera Eslabón de Lujo ERD29A blanca con freezer 273L 220V', 'https://http2.mlstatic.com/D_NQ_NP_922031-MLA48157767448_112021-O.webp', '79999', 2, '11', 'Lorem ipsum dolor sit amet consectetur adipisicing elit. Illum, ex voluptates magni eos laboriosam placeat ducimus veritatis esse tempore repudiandae itaque eligendi fuga impedit, et similique? Itaque voluptate velit illum! Lorem ipsum dolor sit amet consectetur adipisicing elit. Illum, ex voluptates magni eos laboriosam placeat ducimus veritatis esse tempore repudiandae itaque eligendi fuga impedit, et similique? Itaque voluptate velit illum! Lorem ipsum dolor sit amet consectetur adipisicing elit. Illum, ex voluptates magni eos laboriosam placeat ducimus veritatis esse tempore repudiandae itaque eligendi fuga impedit, et similique? Itaque voluptate velit illum! Lorem ipsum dolor sit amet consectetur adipisicing elit. Illum, ex voluptates magni eos laboriosam placeat ducimus veritatis ess'),
(18, 'Heladera inverter no frost Samsung RT38K5932 black inox con freezer 382L 220V', 'https://http2.mlstatic.com/D_NQ_NP_708344-MLA42880949951_072020-O.webp', '164999', 2, '13', 'Lorem ipsum dolor sit amet consectetur adipisicing elit. Illum, ex voluptates magni eos laboriosam placeat ducimus veritatis esse tempore repudiandae itaque eligendi fuga impedit, et similique? Itaque voluptate velit illum! Lorem ipsum dolor sit amet consectetur adipisicing elit. Illum, ex voluptates magni eos laboriosam placeat ducimus veritatis esse tempore repudiandae itaque eligendi fuga impedit, et similique? Itaque voluptate velit illum! Lorem ipsum dolor sit amet consectetur adipisicing elit. Illum, ex voluptates magni eos laboriosam placeat ducimus veritatis esse tempore repudiandae itaque eligendi fuga impedit, et similique? Itaque voluptate velit illum! Lorem ipsum dolor sit amet consectetur adipisicing elit. Illum, ex voluptates magni eos laboriosam placeat ducimus veritatis ess'),
(19, 'Heladera C/fr General Electric 296l. No Frost Dispenser Inox', 'https://http2.mlstatic.com/D_NQ_NP_896594-MLA44744396418_012021-O.webp', '198900', 2, '16', 'Lorem ipsum dolor sit amet consectetur adipisicing elit. Illum, ex voluptates magni eos laboriosam placeat ducimus veritatis esse tempore repudiandae itaque eligendi fuga impedit, et similique? Itaque voluptate velit illum! Lorem ipsum dolor sit amet consectetur adipisicing elit. Illum, ex voluptates magni eos laboriosam placeat ducimus veritatis esse tempore repudiandae itaque eligendi fuga impedit, et similique? Itaque voluptate velit illum! Lorem ipsum dolor sit amet consectetur adipisicing elit. Illum, ex voluptates magni eos laboriosam placeat ducimus veritatis esse tempore repudiandae itaque eligendi fuga impedit, et similique? Itaque voluptate velit illum! Lorem ipsum dolor sit amet consectetur adipisicing elit. Illum, ex voluptates magni eos laboriosam placeat ducimus veritatis ess'),
(20, 'Heladera inverter no frost LG GC-X247CQBV mate black steel finger print proof con freezer 601L 220V', 'https://http2.mlstatic.com/D_NQ_NP_792198-MLA49599327055_042022-O.webp', '954000', 2, '4', 'Lorem ipsum dolor sit amet consectetur adipisicing elit. Illum, ex voluptates magni eos laboriosam placeat ducimus veritatis esse tempore repudiandae itaque eligendi fuga impedit, et similique? Itaque voluptate velit illum! Lorem ipsum dolor sit amet consectetur adipisicing elit. Illum, ex voluptates magni eos laboriosam placeat ducimus veritatis esse tempore repudiandae itaque eligendi fuga impedit, et similique? Itaque voluptate velit illum! Lorem ipsum dolor sit amet consectetur adipisicing elit. Illum, ex voluptates magni eos laboriosam placeat ducimus veritatis esse tempore repudiandae itaque eligendi fuga impedit, et similique? Itaque voluptate velit illum! Lorem ipsum dolor sit amet consectetur adipisicing elit. Illum, ex voluptates magni eos laboriosam placeat ducimus veritatis ess'),
(21, 'Heladera auto defrost Bambi 2F1200 plata con freezer 239L 220V', 'https://http2.mlstatic.com/D_NQ_NP_881043-MLA50019374544_052022-O.webp', '62265', 2, '5', 'Lorem ipsum dolor sit amet consectetur adipisicing elit. Illum, ex voluptates magni eos laboriosam placeat ducimus veritatis esse tempore repudiandae itaque eligendi fuga impedit, et similique? Itaque voluptate velit illum! Lorem ipsum dolor sit amet consectetur adipisicing elit. Illum, ex voluptates magni eos laboriosam placeat ducimus veritatis esse tempore repudiandae itaque eligendi fuga impedit, et similique? Itaque voluptate velit illum! Lorem ipsum dolor sit amet consectetur adipisicing elit. Illum, ex voluptates magni eos laboriosam placeat ducimus veritatis esse tempore repudiandae itaque eligendi fuga impedit, et similique? Itaque voluptate velit illum! Lorem ipsum dolor sit amet consectetur adipisicing elit. Illum, ex voluptates magni eos laboriosam placeat ducimus veritatis ess'),
(22, 'Lavarropas automático Drean Next 8.12 ECO blanco 8kg 220 V', 'https://http2.mlstatic.com/D_NQ_NP_770902-MLA44666427645_012021-O.webp', '78999', 3, '6', 'Lorem ipsum dolor sit amet consectetur adipisicing elit. Illum, ex voluptates magni eos laboriosam placeat ducimus veritatis esse tempore repudiandae itaque eligendi fuga impedit, et similique? Itaque voluptate velit illum! Lorem ipsum dolor sit amet consectetur adipisicing elit. Illum, ex voluptates magni eos laboriosam placeat ducimus veritatis esse tempore repudiandae itaque eligendi fuga impedit, et similique? Itaque voluptate velit illum! Lorem ipsum dolor sit amet consectetur adipisicing elit. Illum, ex voluptates magni eos laboriosam placeat ducimus veritatis esse tempore repudiandae itaque eligendi fuga impedit, et similique? Itaque voluptate velit illum! Lorem ipsum dolor sit amet consectetur adipisicing elit. Illum, ex voluptates magni eos laboriosam placeat ducimus veritatis ess'),
(23, 'Lavarropas automático Drean Next 10.12 P ECO inverter gris 10kg 220 V', 'https://http2.mlstatic.com/D_NQ_NP_910753-MLA41517560455_042020-O.webp', '89999', 3, '28', 'Lorem ipsum dolor sit amet consectetur adipisicing elit. Illum, ex voluptates magni eos laboriosam placeat ducimus veritatis esse tempore repudiandae itaque eligendi fuga impedit, et similique? Itaque voluptate velit illum! Lorem ipsum dolor sit amet consectetur adipisicing elit. Illum, ex voluptates magni eos laboriosam placeat ducimus veritatis esse tempore repudiandae itaque eligendi fuga impedit, et similique? Itaque voluptate velit illum! Lorem ipsum dolor sit amet consectetur adipisicing elit. Illum, ex voluptates magni eos laboriosam placeat ducimus veritatis esse tempore repudiandae itaque eligendi fuga impedit, et similique? Itaque voluptate velit illum! Lorem ipsum dolor sit amet consectetur adipisicing elit. Illum, ex voluptates magni eos laboriosam placeat ducimus veritatis ess'),
(24, 'Lavarropas automático Samsung WW70M0NH blanco 7kg 220 V', 'https://http2.mlstatic.com/D_NQ_NP_785493-MLA44913983508_022021-O.webp', '72299', 3, '34', 'Lorem ipsum dolor sit amet consectetur adipisicing elit. Illum, ex voluptates magni eos laboriosam placeat ducimus veritatis esse tempore repudiandae itaque eligendi fuga impedit, et similique? Itaque voluptate velit illum! Lorem ipsum dolor sit amet consectetur adipisicing elit. Illum, ex voluptates magni eos laboriosam placeat ducimus veritatis esse tempore repudiandae itaque eligendi fuga impedit, et similique? Itaque voluptate velit illum! Lorem ipsum dolor sit amet consectetur adipisicing elit. Illum, ex voluptates magni eos laboriosam placeat ducimus veritatis esse tempore repudiandae itaque eligendi fuga impedit, et similique? Itaque voluptate velit illum! Lorem ipsum dolor sit amet consectetur adipisicing elit. Illum, ex voluptates magni eos laboriosam placeat ducimus veritatis ess'),
(25, 'Lavarropas automático Samsung WW90J5410G inverter blanco 9kg 220 V', 'https://http2.mlstatic.com/D_NQ_NP_897365-MLA48818201689_012022-O.webp', '104549', 3, '28', 'Lorem ipsum dolor sit amet consectetur adipisicing elit. Illum, ex voluptates magni eos laboriosam placeat ducimus veritatis esse tempore repudiandae itaque eligendi fuga impedit, et similique? Itaque voluptate velit illum! Lorem ipsum dolor sit amet consectetur adipisicing elit. Illum, ex voluptates magni eos laboriosam placeat ducimus veritatis esse tempore repudiandae itaque eligendi fuga impedit, et similique? Itaque voluptate velit illum! Lorem ipsum dolor sit amet consectetur adipisicing elit. Illum, ex voluptates magni eos laboriosam placeat ducimus veritatis esse tempore repudiandae itaque eligendi fuga impedit, et similique? Itaque voluptate velit illum! Lorem ipsum dolor sit amet consectetur adipisicing elit. Illum, ex voluptates magni eos laboriosam placeat ducimus veritatis ess'),
(26, 'Lavasecarropas automático Samsung WD22N8750K negro 22kg 220 V - 240 V', 'https://http2.mlstatic.com/D_NQ_NP_913629-MLA44835817396_022021-O.webp', '299999', 3, '17', 'Lorem ipsum dolor sit amet consectetur adipisicing elit. Illum, ex voluptates magni eos laboriosam placeat ducimus veritatis esse tempore repudiandae itaque eligendi fuga impedit, et similique? Itaque voluptate velit illum! Lorem ipsum dolor sit amet consectetur adipisicing elit. Illum, ex voluptates magni eos laboriosam placeat ducimus veritatis esse tempore repudiandae itaque eligendi fuga impedit, et similique? Itaque voluptate velit illum! Lorem ipsum dolor sit amet consectetur adipisicing elit. Illum, ex voluptates magni eos laboriosam placeat ducimus veritatis esse tempore repudiandae itaque eligendi fuga impedit, et similique? Itaque voluptate velit illum! Lorem ipsum dolor sit amet consectetur adipisicing elit. Illum, ex voluptates magni eos laboriosam placeat ducimus veritatis ess'),
(27, 'Lavasecarropas automático Samsung WD10K6410O inverter gris metálico 10.5kg 220 V - 240 V', 'https://http2.mlstatic.com/D_NQ_NP_871629-MLA32555320012_102019-O.webp', '319000', 3, '12', 'Lorem ipsum dolor sit amet consectetur adipisicing elit. Illum, ex voluptates magni eos laboriosam placeat ducimus veritatis esse tempore repudiandae itaque eligendi fuga impedit, et similique? Itaque voluptate velit illum! Lorem ipsum dolor sit amet consectetur adipisicing elit. Illum, ex voluptates magni eos laboriosam placeat ducimus veritatis esse tempore repudiandae itaque eligendi fuga impedit, et similique? Itaque voluptate velit illum! Lorem ipsum dolor sit amet consectetur adipisicing elit. Illum, ex voluptates magni eos laboriosam placeat ducimus veritatis esse tempore repudiandae itaque eligendi fuga impedit, et similique? Itaque voluptate velit illum! Lorem ipsum dolor sit amet consectetur adipisicing elit. Illum, ex voluptates magni eos laboriosam placeat ducimus veritatis ess'),
(28, 'Lavarropas automático Samsung WF1702WE plateado 7kg 220 V - 240 V', 'https://http2.mlstatic.com/D_NQ_NP_998082-MLA43155099726_082020-O.webp', '128399', 3, '3', 'Lorem ipsum dolor sit amet consectetur adipisicing elit. Illum, ex voluptates magni eos laboriosam placeat ducimus veritatis esse tempore repudiandae itaque eligendi fuga impedit, et similique? Itaque voluptate velit illum! Lorem ipsum dolor sit amet consectetur adipisicing elit. Illum, ex voluptates magni eos laboriosam placeat ducimus veritatis esse tempore repudiandae itaque eligendi fuga impedit, et similique? Itaque voluptate velit illum! Lorem ipsum dolor sit amet consectetur adipisicing elit. Illum, ex voluptates magni eos laboriosam placeat ducimus veritatis esse tempore repudiandae itaque eligendi fuga impedit, et similique? Itaque voluptate velit illum! Lorem ipsum dolor sit amet consectetur adipisicing elit. Illum, ex voluptates magni eos laboriosam placeat ducimus veritatis ess'),
(29, 'Lavarropas automático Whirlpool WLF91A inverter blanco 9kg 220 V - 240 V', 'https://http2.mlstatic.com/D_NQ_NP_814250-MLA44478784855_012021-O.webp', '85139', 3, '27', 'Lorem ipsum dolor sit amet consectetur adipisicing elit. Illum, ex voluptates magni eos laboriosam placeat ducimus veritatis esse tempore repudiandae itaque eligendi fuga impedit, et similique? Itaque voluptate velit illum! Lorem ipsum dolor sit amet consectetur adipisicing elit. Illum, ex voluptates magni eos laboriosam placeat ducimus veritatis esse tempore repudiandae itaque eligendi fuga impedit, et similique? Itaque voluptate velit illum! Lorem ipsum dolor sit amet consectetur adipisicing elit. Illum, ex voluptates magni eos laboriosam placeat ducimus veritatis esse tempore repudiandae itaque eligendi fuga impedit, et similique? Itaque voluptate velit illum! Lorem ipsum dolor sit amet consectetur adipisicing elit. Illum, ex voluptates magni eos laboriosam placeat ducimus veritatis ess'),
(30, 'Lavarropas automático Whirlpool WLF75A inverter blanco 7.5kg 220 V - 240 V', 'https://http2.mlstatic.com/D_NQ_NP_638713-MLA45451106755_042021-O.webp', '78199', 3, '19', 'Lorem ipsum dolor sit amet consectetur adipisicing elit. Illum, ex voluptates magni eos laboriosam placeat ducimus veritatis esse tempore repudiandae itaque eligendi fuga impedit, et similique? Itaque voluptate velit illum! Lorem ipsum dolor sit amet consectetur adipisicing elit. Illum, ex voluptates magni eos laboriosam placeat ducimus veritatis esse tempore repudiandae itaque eligendi fuga impedit, et similique? Itaque voluptate velit illum! Lorem ipsum dolor sit amet consectetur adipisicing elit. Illum, ex voluptates magni eos laboriosam placeat ducimus veritatis esse tempore repudiandae itaque eligendi fuga impedit, et similique? Itaque voluptate velit illum! Lorem ipsum dolor sit amet consectetur adipisicing elit. Illum, ex voluptates magni eos laboriosam placeat ducimus veritatis ess'),
(31, 'Lavasecarropas automático Whirlpool WCF09BY inverter blanco 9kg 220 V - 240 V', 'https://http2.mlstatic.com/D_NQ_NP_819612-MLA43461815344_092020-O.webp', '133200', 3, '10', 'Lorem ipsum dolor sit amet consectetur adipisicing elit. Illum, ex voluptates magni eos laboriosam placeat ducimus veritatis esse tempore repudiandae itaque eligendi fuga impedit, et similique? Itaque voluptate velit illum! Lorem ipsum dolor sit amet consectetur adipisicing elit. Illum, ex voluptates magni eos laboriosam placeat ducimus veritatis esse tempore repudiandae itaque eligendi fuga impedit, et similique? Itaque voluptate velit illum! Lorem ipsum dolor sit amet consectetur adipisicing elit. Illum, ex voluptates magni eos laboriosam placeat ducimus veritatis esse tempore repudiandae itaque eligendi fuga impedit, et similique? Itaque voluptate velit illum! Lorem ipsum dolor sit amet consectetur adipisicing elit. Illum, ex voluptates magni eos laboriosam placeat ducimus veritatis ess'),
(32, 'Lavarropas automático Whirlpool Supreme Care WLCF10 inverter blanco 10kg 220 V', 'https://http2.mlstatic.com/D_NQ_NP_615216-MLA32483664491_102019-O.webp', '168900', 3, '17', 'Lorem ipsum dolor sit amet consectetur adipisicing elit. Illum, ex voluptates magni eos laboriosam placeat ducimus veritatis esse tempore repudiandae itaque eligendi fuga impedit, et similique? Itaque voluptate velit illum! Lorem ipsum dolor sit amet consectetur adipisicing elit. Illum, ex voluptates magni eos laboriosam placeat ducimus veritatis esse tempore repudiandae itaque eligendi fuga impedit, et similique? Itaque voluptate velit illum! Lorem ipsum dolor sit amet consectetur adipisicing elit. Illum, ex voluptates magni eos laboriosam placeat ducimus veritatis esse tempore repudiandae itaque eligendi fuga impedit, et similique? Itaque voluptate velit illum! Lorem ipsum dolor sit amet consectetur adipisicing elit. Illum, ex voluptates magni eos laboriosam placeat ducimus veritatis ess'),
(33, 'Lavasecarropas automático Candy RapidÓ ROW41066DWHCR inverter anthracite 10kg 220 V', 'https://http2.mlstatic.com/D_NQ_NP_667431-MLA43875413079_102020-O.webp', '137000', 3, '29', 'Lorem ipsum dolor sit amet consectetur adipisicing elit. Illum, ex voluptates magni eos laboriosam placeat ducimus veritatis esse tempore repudiandae itaque eligendi fuga impedit, et similique? Itaque voluptate velit illum! Lorem ipsum dolor sit amet consectetur adipisicing elit. Illum, ex voluptates magni eos laboriosam placeat ducimus veritatis esse tempore repudiandae itaque eligendi fuga impedit, et similique? Itaque voluptate velit illum! Lorem ipsum dolor sit amet consectetur adipisicing elit. Illum, ex voluptates magni eos laboriosam placeat ducimus veritatis esse tempore repudiandae itaque eligendi fuga impedit, et similique? Itaque voluptate velit illum! Lorem ipsum dolor sit amet consectetur adipisicing elit. Illum, ex voluptates magni eos laboriosam placeat ducimus veritatis ess'),
(34, 'Lavasecarropas automático Candy Alisè GVFWFL4139 inverter anthracite 13kg 220 V', 'https://http2.mlstatic.com/D_NQ_NP_746616-MLA42880949147_072020-O.webp', '137881', 3, '19', 'Lorem ipsum dolor sit amet consectetur adipisicing elit. Illum, ex voluptates magni eos laboriosam placeat ducimus veritatis esse tempore repudiandae itaque eligendi fuga impedit, et similique? Itaque voluptate velit illum! Lorem ipsum dolor sit amet consectetur adipisicing elit. Illum, ex voluptates magni eos laboriosam placeat ducimus veritatis esse tempore repudiandae itaque eligendi fuga impedit, et similique? Itaque voluptate velit illum! Lorem ipsum dolor sit amet consectetur adipisicing elit. Illum, ex voluptates magni eos laboriosam placeat ducimus veritatis esse tempore repudiandae itaque eligendi fuga impedit, et similique? Itaque voluptate velit illum! Lorem ipsum dolor sit amet consectetur adipisicing elit. Illum, ex voluptates magni eos laboriosam placeat ducimus veritatis ess'),
(35, 'Lavarropas automático Candy RapidÓ RO1696DWHC7R inverter anthracite 9kg 220 V', 'https://http2.mlstatic.com/D_NQ_NP_978513-MLA43875413188_102020-O.webp', '94490', 3, '10', 'Lorem ipsum dolor sit amet consectetur adipisicing elit. Illum, ex voluptates magni eos laboriosam placeat ducimus veritatis esse tempore repudiandae itaque eligendi fuga impedit, et similique? Itaque voluptate velit illum! Lorem ipsum dolor sit amet consectetur adipisicing elit. Illum, ex voluptates magni eos laboriosam placeat ducimus veritatis esse tempore repudiandae itaque eligendi fuga impedit, et similique? Itaque voluptate velit illum! Lorem ipsum dolor sit amet consectetur adipisicing elit. Illum, ex voluptates magni eos laboriosam placeat ducimus veritatis esse tempore repudiandae itaque eligendi fuga impedit, et similique? Itaque voluptate velit illum! Lorem ipsum dolor sit amet consectetur adipisicing elit. Illum, ex voluptates magni eos laboriosam placeat ducimus veritatis ess'),
(36, 'Lavarropas automático Electrolux ELAF06 blanco 6kg 220 V', 'https://http2.mlstatic.com/D_NQ_NP_807379-MLA32543858840_102019-O.webp', '85299', 3, '16', 'Lorem ipsum dolor sit amet consectetur adipisicing elit. Illum, ex voluptates magni eos laboriosam placeat ducimus veritatis esse tempore repudiandae itaque eligendi fuga impedit, et similique? Itaque voluptate velit illum! Lorem ipsum dolor sit amet consectetur adipisicing elit. Illum, ex voluptates magni eos laboriosam placeat ducimus veritatis esse tempore repudiandae itaque eligendi fuga impedit, et similique? Itaque voluptate velit illum! Lorem ipsum dolor sit amet consectetur adipisicing elit. Illum, ex voluptates magni eos laboriosam placeat ducimus veritatis esse tempore repudiandae itaque eligendi fuga impedit, et similique? Itaque voluptate velit illum! Lorem ipsum dolor sit amet consectetur adipisicing elit. Illum, ex voluptates magni eos laboriosam placeat ducimus veritatis ess'),
(37, 'Lavarropas automático Electrolux Premium Care ELAF210B inverter blanco 10kg 220 V', 'https://http2.mlstatic.com/D_NQ_NP_720815-MLA48322181604_112021-O.webp', '129899', 3, '11', 'Lorem ipsum dolor sit amet consectetur adipisicing elit. Illum, ex voluptates magni eos laboriosam placeat ducimus veritatis esse tempore repudiandae itaque eligendi fuga impedit, et similique? Itaque voluptate velit illum! Lorem ipsum dolor sit amet consectetur adipisicing elit. Illum, ex voluptates magni eos laboriosam placeat ducimus veritatis esse tempore repudiandae itaque eligendi fuga impedit, et similique? Itaque voluptate velit illum! Lorem ipsum dolor sit amet consectetur adipisicing elit. Illum, ex voluptates magni eos laboriosam placeat ducimus veritatis esse tempore repudiandae itaque eligendi fuga impedit, et similique? Itaque voluptate velit illum! Lorem ipsum dolor sit amet consectetur adipisicing elit. Illum, ex voluptates magni eos laboriosam placeat ducimus veritatis ess'),
(38, 'Lavasecarropas automático Electrolux Ultimate Care EWD11 inverter plata 11kg 220 V', 'https://http2.mlstatic.com/D_NQ_NP_936760-MLA43196710182_082020-O.webp', '200399', 3, '4', 'Lorem ipsum dolor sit amet consectetur adipisicing elit. Illum, ex voluptates magni eos laboriosam placeat ducimus veritatis esse tempore repudiandae itaque eligendi fuga impedit, et similique? Itaque voluptate velit illum! Lorem ipsum dolor sit amet consectetur adipisicing elit. Illum, ex voluptates magni eos laboriosam placeat ducimus veritatis esse tempore repudiandae itaque eligendi fuga impedit, et similique? Itaque voluptate velit illum! Lorem ipsum dolor sit amet consectetur adipisicing elit. Illum, ex voluptates magni eos laboriosam placeat ducimus veritatis esse tempore repudiandae itaque eligendi fuga impedit, et similique? Itaque voluptate velit illum! Lorem ipsum dolor sit amet consectetur adipisicing elit. Illum, ex voluptates magni eos laboriosam placeat ducimus veritatis ess'),
(39, 'Lavarropas automático LG WM8516 inverter blue white 8.5kg 220 V', 'https://http2.mlstatic.com/D_NQ_NP_848951-MLA48632176221_122021-O.webp', '129499', 3, '32', 'Lorem ipsum dolor sit amet consectetur adipisicing elit. Illum, ex voluptates magni eos laboriosam placeat ducimus veritatis esse tempore repudiandae itaque eligendi fuga impedit, et similique? Itaque voluptate velit illum! Lorem ipsum dolor sit amet consectetur adipisicing elit. Illum, ex voluptates magni eos laboriosam placeat ducimus veritatis esse tempore repudiandae itaque eligendi fuga impedit, et similique? Itaque voluptate velit illum! Lorem ipsum dolor sit amet consectetur adipisicing elit. Illum, ex voluptates magni eos laboriosam placeat ducimus veritatis esse tempore repudiandae itaque eligendi fuga impedit, et similique? Itaque voluptate velit illum! Lorem ipsum dolor sit amet consectetur adipisicing elit. Illum, ex voluptates magni eos laboriosam placeat ducimus veritatis ess'),
(40, 'Lavasecarropas automático LG WD11VBS6 inverter acero 11kg 220 V', 'https://http2.mlstatic.com/D_NQ_NP_667467-MLA48818050607_012022-O.webp', '309600', 3, '10', 'Lorem ipsum dolor sit amet consectetur adipisicing elit. Illum, ex voluptates magni eos laboriosam placeat ducimus veritatis esse tempore repudiandae itaque eligendi fuga impedit, et similique? Itaque voluptate velit illum! Lorem ipsum dolor sit amet consectetur adipisicing elit. Illum, ex voluptates magni eos laboriosam placeat ducimus veritatis esse tempore repudiandae itaque eligendi fuga impedit, et similique? Itaque voluptate velit illum! Lorem ipsum dolor sit amet consectetur adipisicing elit. Illum, ex voluptates magni eos laboriosam placeat ducimus veritatis esse tempore repudiandae itaque eligendi fuga impedit, et similique? Itaque voluptate velit illum! Lorem ipsum dolor sit amet consectetur adipisicing elit. Illum, ex voluptates magni eos laboriosam placeat ducimus veritatis ess'),
(41, 'Lavasecarropas automático LG TWINWash WD22VVS6 inverter plateado 20kg 220 V', 'https://http2.mlstatic.com/D_NQ_NP_966194-MLA32508607845_102019-O.webp', '528520', 3, '12', 'Lorem ipsum dolor sit amet consectetur adipisicing elit. Illum, ex voluptates magni eos laboriosam placeat ducimus veritatis esse tempore repudiandae itaque eligendi fuga impedit, et similique? Itaque voluptate velit illum! Lorem ipsum dolor sit amet consectetur adipisicing elit. Illum, ex voluptates magni eos laboriosam placeat ducimus veritatis esse tempore repudiandae itaque eligendi fuga impedit, et similique? Itaque voluptate velit illum! Lorem ipsum dolor sit amet consectetur adipisicing elit. Illum, ex voluptates magni eos laboriosam placeat ducimus veritatis esse tempore repudiandae itaque eligendi fuga impedit, et similique? Itaque voluptate velit illum! Lorem ipsum dolor sit amet consectetur adipisicing elit. Illum, ex voluptates magni eos laboriosam placeat ducimus veritatis ess'),
(42, 'Notebook Exo Smart L37e Plus 4gb Ssd 64gb + 1tb Windows 11', 'https://http2.mlstatic.com/D_NQ_NP_689219-MLA47818506156_102021-O.webp', '74199', 5, '0', 'Lorem ipsum dolor sit amet consectetur adipisicing elit. Illum, ex voluptates magni eos laboriosam placeat ducimus veritatis esse tempore repudiandae itaque eligendi fuga impedit, et similique? Itaque voluptate velit illum! Lorem ipsum dolor sit amet consectetur adipisicing elit. Illum, ex voluptates magni eos laboriosam placeat ducimus veritatis esse tempore repudiandae itaque eligendi fuga impedit, et similique? Itaque voluptate velit illum! Lorem ipsum dolor sit amet consectetur adipisicing elit. Illum, ex voluptates magni eos laboriosam placeat ducimus veritatis esse tempore repudiandae itaque eligendi fuga impedit, et similique? Itaque voluptate velit illum! Lorem ipsum dolor sit amet consectetur adipisicing elit. Illum, ex voluptates magni eos laboriosam placeat ducimus veritatis ess'),
(43, 'Notebook Dell Inspiron 3505 gris 15.6\", AMD Ryzen 5 3450U 16GB de RAM 1TB HDD 256GB SSD, AMD Radeon RX Vega 8 (Ryzen 2000/3000) 60 Hz 1366x768px Windows 10 Home', 'https://http2.mlstatic.com/D_NQ_NP_921052-MLA47215256520_082021-O.webp', '129999', 5, '18', 'Lorem ipsum dolor sit amet consectetur adipisicing elit. Illum, ex voluptates magni eos laboriosam placeat ducimus veritatis esse tempore repudiandae itaque eligendi fuga impedit, et similique? Itaque voluptate velit illum! Lorem ipsum dolor sit amet consectetur adipisicing elit. Illum, ex voluptates magni eos laboriosam placeat ducimus veritatis esse tempore repudiandae itaque eligendi fuga impedit, et similique? Itaque voluptate velit illum! Lorem ipsum dolor sit amet consectetur adipisicing elit. Illum, ex voluptates magni eos laboriosam placeat ducimus veritatis esse tempore repudiandae itaque eligendi fuga impedit, et similique? Itaque voluptate velit illum! Lorem ipsum dolor sit amet consectetur adipisicing elit. Illum, ex voluptates magni eos laboriosam placeat ducimus veritatis ess'),
(44, 'Notebook Lenovo IdeaPad 15ITL6 arctic grey táctil 15.6\", Intel Core i5 1135G7 12GB de RAM 256GB SSD, Intel Iris Xe Graphics G7 80EUs 1920x1080px Windows 11 Home', 'https://http2.mlstatic.com/D_NQ_NP_638942-MLA49937651999_052022-O.webp', '129987', 5, '30', 'Lorem ipsum dolor sit amet consectetur adipisicing elit. Illum, ex voluptates magni eos laboriosam placeat ducimus veritatis esse tempore repudiandae itaque eligendi fuga impedit, et similique? Itaque voluptate velit illum! Lorem ipsum dolor sit amet consectetur adipisicing elit. Illum, ex voluptates magni eos laboriosam placeat ducimus veritatis esse tempore repudiandae itaque eligendi fuga impedit, et similique? Itaque voluptate velit illum! Lorem ipsum dolor sit amet consectetur adipisicing elit. Illum, ex voluptates magni eos laboriosam placeat ducimus veritatis esse tempore repudiandae itaque eligendi fuga impedit, et similique? Itaque voluptate velit illum! Lorem ipsum dolor sit amet consectetur adipisicing elit. Illum, ex voluptates magni eos laboriosam placeat ducimus veritatis ess'),
(45, 'Notebook Asus X515EA slate gray 15.6\", Intel Core i3 1115G4 4GB de RAM 256GB SSD, Intel UHD Graphics Xe G4 48EUs 1920x1080px', 'https://http2.mlstatic.com/D_NQ_NP_908593-MLA49420869607_032022-O.webp', '74999', 5, '8', 'Lorem ipsum dolor sit amet consectetur adipisicing elit. Illum, ex voluptates magni eos laboriosam placeat ducimus veritatis esse tempore repudiandae itaque eligendi fuga impedit, et similique? Itaque voluptate velit illum! Lorem ipsum dolor sit amet consectetur adipisicing elit. Illum, ex voluptates magni eos laboriosam placeat ducimus veritatis esse tempore repudiandae itaque eligendi fuga impedit, et similique? Itaque voluptate velit illum! Lorem ipsum dolor sit amet consectetur adipisicing elit. Illum, ex voluptates magni eos laboriosam placeat ducimus veritatis esse tempore repudiandae itaque eligendi fuga impedit, et similique? Itaque voluptate velit illum! Lorem ipsum dolor sit amet consectetur adipisicing elit. Illum, ex voluptates magni eos laboriosam placeat ducimus veritatis ess'),
(46, 'Notebook Tedge Win NBi3-1TB/10/01 negra 14\", Intel Core i3 1005G1 8GB de RAM 1TB HDD, Intel UHD Graphics G1 1920x1080px Windows 10 Home', 'https://http2.mlstatic.com/D_NQ_NP_659415-MLA47132114160_082021-O.webp', '79999', 5, '29', 'Lorem ipsum dolor sit amet consectetur adipisicing elit. Illum, ex voluptates magni eos laboriosam placeat ducimus veritatis esse tempore repudiandae itaque eligendi fuga impedit, et similique? Itaque voluptate velit illum! Lorem ipsum dolor sit amet consectetur adipisicing elit. Illum, ex voluptates magni eos laboriosam placeat ducimus veritatis esse tempore repudiandae itaque eligendi fuga impedit, et similique? Itaque voluptate velit illum! Lorem ipsum dolor sit amet consectetur adipisicing elit. Illum, ex voluptates magni eos laboriosam placeat ducimus veritatis esse tempore repudiandae itaque eligendi fuga impedit, et similique? Itaque voluptate velit illum! Lorem ipsum dolor sit amet consectetur adipisicing elit. Illum, ex voluptates magni eos laboriosam placeat ducimus veritatis ess'),
(47, 'Notebook HP 14-cf2533la plata natural 14\", Intel Core i3 10110U 4GB de RAM 256GB SSD, Intel UHD Graphics 620 1366x768px Windows 10 Home', 'https://http2.mlstatic.com/D_NQ_NP_925341-MLA48914320135_012022-O.webp', '83399', 5, '27', 'Lorem ipsum dolor sit amet consectetur adipisicing elit. Illum, ex voluptates magni eos laboriosam placeat ducimus veritatis esse tempore repudiandae itaque eligendi fuga impedit, et similique? Itaque voluptate velit illum! Lorem ipsum dolor sit amet consectetur adipisicing elit. Illum, ex voluptates magni eos laboriosam placeat ducimus veritatis esse tempore repudiandae itaque eligendi fuga impedit, et similique? Itaque voluptate velit illum! Lorem ipsum dolor sit amet consectetur adipisicing elit. Illum, ex voluptates magni eos laboriosam placeat ducimus veritatis esse tempore repudiandae itaque eligendi fuga impedit, et similique? Itaque voluptate velit illum! Lorem ipsum dolor sit amet consectetur adipisicing elit. Illum, ex voluptates magni eos laboriosam placeat ducimus veritatis ess'),
(48, 'Notebook Asus X515EA slate gray 15.6\", Intel Core i3 1115G4 4GB de RAM 256GB SSD, Intel UHD Graphics Xe G4 48EUs 1920x1080px', 'https://http2.mlstatic.com/D_NQ_NP_908593-MLA49420869607_032022-O.webp', '74999', 5, '11', 'Lorem ipsum dolor sit amet consectetur adipisicing elit. Illum, ex voluptates magni eos laboriosam placeat ducimus veritatis esse tempore repudiandae itaque eligendi fuga impedit, et similique? Itaque voluptate velit illum! Lorem ipsum dolor sit amet consectetur adipisicing elit. Illum, ex voluptates magni eos laboriosam placeat ducimus veritatis esse tempore repudiandae itaque eligendi fuga impedit, et similique? Itaque voluptate velit illum! Lorem ipsum dolor sit amet consectetur adipisicing elit. Illum, ex voluptates magni eos laboriosam placeat ducimus veritatis esse tempore repudiandae itaque eligendi fuga impedit, et similique? Itaque voluptate velit illum! Lorem ipsum dolor sit amet consectetur adipisicing elit. Illum, ex voluptates magni eos laboriosam placeat ducimus veritatis ess'),
(49, 'Notebook HP 14-dq2029la plata natural 14\", Intel Core i5 1135G7 8GB de RAM 256GB SSD, Intel Iris Xe Graphics G7 80EUs 1366x768px Windows 10 Hom', 'https://http2.mlstatic.com/D_NQ_NP_942069-MLA49250542587_032022-O.webp', '124999', 5, '24', 'Lorem ipsum dolor sit amet consectetur adipisicing elit. Illum, ex voluptates magni eos laboriosam placeat ducimus veritatis esse tempore repudiandae itaque eligendi fuga impedit, et similique? Itaque voluptate velit illum! Lorem ipsum dolor sit amet consectetur adipisicing elit. Illum, ex voluptates magni eos laboriosam placeat ducimus veritatis esse tempore repudiandae itaque eligendi fuga impedit, et similique? Itaque voluptate velit illum! Lorem ipsum dolor sit amet consectetur adipisicing elit. Illum, ex voluptates magni eos laboriosam placeat ducimus veritatis esse tempore repudiandae itaque eligendi fuga impedit, et similique? Itaque voluptate velit illum! Lorem ipsum dolor sit amet consectetur adipisicing elit. Illum, ex voluptates magni eos laboriosam placeat ducimus veritatis ess'),
(50, 'Notebook Dell Inspiron 3505 silver 15.6\", AMD Ryzen 5 3450U 8GB de RAM 256GB SSD, AMD Radeon RX Vega 8 (Ryzen 2000/3000) 60 Hz 1366x768px Windows 11 Home', 'https://http2.mlstatic.com/D_NQ_NP_899144-MLA47215243707_082021-O.webp', '109399', 5, '8', 'Lorem ipsum dolor sit amet consectetur adipisicing elit. Illum, ex voluptates magni eos laboriosam placeat ducimus veritatis esse tempore repudiandae itaque eligendi fuga impedit, et similique? Itaque voluptate velit illum! Lorem ipsum dolor sit amet consectetur adipisicing elit. Illum, ex voluptates magni eos laboriosam placeat ducimus veritatis esse tempore repudiandae itaque eligendi fuga impedit, et similique? Itaque voluptate velit illum! Lorem ipsum dolor sit amet consectetur adipisicing elit. Illum, ex voluptates magni eos laboriosam placeat ducimus veritatis esse tempore repudiandae itaque eligendi fuga impedit, et similique? Itaque voluptate velit illum! Lorem ipsum dolor sit amet consectetur adipisicing elit. Illum, ex voluptates magni eos laboriosam placeat ducimus veritatis ess'),
(51, 'Notebook Lenovo IdeaPad 14IIL05 platinum gray 14\", Intel Core i5 1035G1 8GB de RAM 512GB SSD, Intel UHD Graphics G1 1920x1080px Windows 10 Home', 'https://http2.mlstatic.com/D_NQ_NP_879170-MLA45629747467_042021-O.webp', '108500', 5, '19', 'Lorem ipsum dolor sit amet consectetur adipisicing elit. Illum, ex voluptates magni eos laboriosam placeat ducimus veritatis esse tempore repudiandae itaque eligendi fuga impedit, et similique? Itaque voluptate velit illum! Lorem ipsum dolor sit amet consectetur adipisicing elit. Illum, ex voluptates magni eos laboriosam placeat ducimus veritatis esse tempore repudiandae itaque eligendi fuga impedit, et similique? Itaque voluptate velit illum! Lorem ipsum dolor sit amet consectetur adipisicing elit. Illum, ex voluptates magni eos laboriosam placeat ducimus veritatis esse tempore repudiandae itaque eligendi fuga impedit, et similique? Itaque voluptate velit illum! Lorem ipsum dolor sit amet consectetur adipisicing elit. Illum, ex voluptates magni eos laboriosam placeat ducimus veritatis ess');
INSERT INTO `products` (`id`, `name`, `picture`, `price`, `id_category`, `stock`, `descripcion`) VALUES
(52, 'Notebook Bangho Max L4 i1 gris oscura 14\", Intel Celeron N4000 4GB de RAM 120GB SSD, Intel UHD Graphics 600 1366x768px Windows 10 Home', 'https://http2.mlstatic.com/D_NQ_NP_925102-MLA44939831146_022021-O.webp', '46789', 5, '24', 'Lorem ipsum dolor sit amet consectetur adipisicing elit. Illum, ex voluptates magni eos laboriosam placeat ducimus veritatis esse tempore repudiandae itaque eligendi fuga impedit, et similique? Itaque voluptate velit illum! Lorem ipsum dolor sit amet consectetur adipisicing elit. Illum, ex voluptates magni eos laboriosam placeat ducimus veritatis esse tempore repudiandae itaque eligendi fuga impedit, et similique? Itaque voluptate velit illum! Lorem ipsum dolor sit amet consectetur adipisicing elit. Illum, ex voluptates magni eos laboriosam placeat ducimus veritatis esse tempore repudiandae itaque eligendi fuga impedit, et similique? Itaque voluptate velit illum! Lorem ipsum dolor sit amet consectetur adipisicing elit. Illum, ex voluptates magni eos laboriosam placeat ducimus veritatis ess'),
(53, 'Notebook Asus VivoBook X512JA slate gray 15.6\", Intel Core i7 1065G7 8GB de RAM 1TB HDD 256GB SSD, Intel Iris Plus Graphics G7 1920x1080px Windows 10 Home', 'https://http2.mlstatic.com/D_NQ_NP_811351-MLA48463373361_122021-O.webp', '129999', 5, '20', 'Lorem ipsum dolor sit amet consectetur adipisicing elit. Illum, ex voluptates magni eos laboriosam placeat ducimus veritatis esse tempore repudiandae itaque eligendi fuga impedit, et similique? Itaque voluptate velit illum! Lorem ipsum dolor sit amet consectetur adipisicing elit. Illum, ex voluptates magni eos laboriosam placeat ducimus veritatis esse tempore repudiandae itaque eligendi fuga impedit, et similique? Itaque voluptate velit illum! Lorem ipsum dolor sit amet consectetur adipisicing elit. Illum, ex voluptates magni eos laboriosam placeat ducimus veritatis esse tempore repudiandae itaque eligendi fuga impedit, et similique? Itaque voluptate velit illum! Lorem ipsum dolor sit amet consectetur adipisicing elit. Illum, ex voluptates magni eos laboriosam placeat ducimus veritatis ess'),
(54, 'Apple Macbook Air (13 pulgadas, 2020, Chip M1, 256 GB de SSD, 8 GB de RAM) - Gris espacial', 'https://http2.mlstatic.com/D_NQ_NP_801112-MLA46516512347_062021-O.webp', '192999', 5, '10', 'Lorem ipsum dolor sit amet consectetur adipisicing elit. Illum, ex voluptates magni eos laboriosam placeat ducimus veritatis esse tempore repudiandae itaque eligendi fuga impedit, et similique? Itaque voluptate velit illum! Lorem ipsum dolor sit amet consectetur adipisicing elit. Illum, ex voluptates magni eos laboriosam placeat ducimus veritatis esse tempore repudiandae itaque eligendi fuga impedit, et similique? Itaque voluptate velit illum! Lorem ipsum dolor sit amet consectetur adipisicing elit. Illum, ex voluptates magni eos laboriosam placeat ducimus veritatis esse tempore repudiandae itaque eligendi fuga impedit, et similique? Itaque voluptate velit illum! Lorem ipsum dolor sit amet consectetur adipisicing elit. Illum, ex voluptates magni eos laboriosam placeat ducimus veritatis ess'),
(55, 'Notebook Gadnic Lumina gray 15.6\", Intel Atom X5-Z8350 4GB de RAM 32GB SSD, Intel HD Graphics 400 1920x1080px Windows 10 Home', 'https://http2.mlstatic.com/D_NQ_NP_784870-MLA48892688537_012022-O.webp', '45849', 5, '16', 'Lorem ipsum dolor sit amet consectetur adipisicing elit. Illum, ex voluptates magni eos laboriosam placeat ducimus veritatis esse tempore repudiandae itaque eligendi fuga impedit, et similique? Itaque voluptate velit illum! Lorem ipsum dolor sit amet consectetur adipisicing elit. Illum, ex voluptates magni eos laboriosam placeat ducimus veritatis esse tempore repudiandae itaque eligendi fuga impedit, et similique? Itaque voluptate velit illum! Lorem ipsum dolor sit amet consectetur adipisicing elit. Illum, ex voluptates magni eos laboriosam placeat ducimus veritatis esse tempore repudiandae itaque eligendi fuga impedit, et similique? Itaque voluptate velit illum! Lorem ipsum dolor sit amet consectetur adipisicing elit. Illum, ex voluptates magni eos laboriosam placeat ducimus veritatis ess'),
(56, 'Notebook EXO Smart XQ3H-S3182 plateada 15.6\", Intel Core i3 1115G4 8GB de RAM 256GB SSD, Intel UHD Graphics Xe G4 48EUs 1920x1080px Windows 11 Home', 'https://http2.mlstatic.com/D_NQ_NP_988078-MLA49523884623_032022-O.webp', '101999', 5, '4', 'Lorem ipsum dolor sit amet consectetur adipisicing elit. Illum, ex voluptates magni eos laboriosam placeat ducimus veritatis esse tempore repudiandae itaque eligendi fuga impedit, et similique? Itaque voluptate velit illum! Lorem ipsum dolor sit amet consectetur adipisicing elit. Illum, ex voluptates magni eos laboriosam placeat ducimus veritatis esse tempore repudiandae itaque eligendi fuga impedit, et similique? Itaque voluptate velit illum! Lorem ipsum dolor sit amet consectetur adipisicing elit. Illum, ex voluptates magni eos laboriosam placeat ducimus veritatis esse tempore repudiandae itaque eligendi fuga impedit, et similique? Itaque voluptate velit illum! Lorem ipsum dolor sit amet consectetur adipisicing elit. Illum, ex voluptates magni eos laboriosam placeat ducimus veritatis ess'),
(57, 'Notebook Lenovo ThinkPad L15 Gen 2 negra 15.6\", Intel Core i7 1165G7 8GB de RAM 256GB SSD, Intel Iris Xe Graphics G7 96EUs 1366x768px FreeDOS', 'https://http2.mlstatic.com/D_NQ_NP_637793-MLA47932651215_102021-O.webp', '165999', 5, '20', 'Lorem ipsum dolor sit amet consectetur adipisicing elit. Illum, ex voluptates magni eos laboriosam placeat ducimus veritatis esse tempore repudiandae itaque eligendi fuga impedit, et similique? Itaque voluptate velit illum! Lorem ipsum dolor sit amet consectetur adipisicing elit. Illum, ex voluptates magni eos laboriosam placeat ducimus veritatis esse tempore repudiandae itaque eligendi fuga impedit, et similique? Itaque voluptate velit illum! Lorem ipsum dolor sit amet consectetur adipisicing elit. Illum, ex voluptates magni eos laboriosam placeat ducimus veritatis esse tempore repudiandae itaque eligendi fuga impedit, et similique? Itaque voluptate velit illum! Lorem ipsum dolor sit amet consectetur adipisicing elit. Illum, ex voluptates magni eos laboriosam placeat ducimus veritatis ess'),
(58, 'Notebook Gadnic Glow gris 14.1\", Intel Atom X5-Z8350 2GB de RAM 32GB SSD, Intel HD Graphics 400 1366x768px Windows 10 Home', 'https://http2.mlstatic.com/D_NQ_NP_908644-MLA40122892950_122019-O.webp', '37999', 5, '12', 'Lorem ipsum dolor sit amet consectetur adipisicing elit. Illum, ex voluptates magni eos laboriosam placeat ducimus veritatis esse tempore repudiandae itaque eligendi fuga impedit, et similique? Itaque voluptate velit illum! Lorem ipsum dolor sit amet consectetur adipisicing elit. Illum, ex voluptates magni eos laboriosam placeat ducimus veritatis esse tempore repudiandae itaque eligendi fuga impedit, et similique? Itaque voluptate velit illum! Lorem ipsum dolor sit amet consectetur adipisicing elit. Illum, ex voluptates magni eos laboriosam placeat ducimus veritatis esse tempore repudiandae itaque eligendi fuga impedit, et similique? Itaque voluptate velit illum! Lorem ipsum dolor sit amet consectetur adipisicing elit. Illum, ex voluptates magni eos laboriosam placeat ducimus veritatis ess'),
(59, 'Notebook EXO Smart L33E gris 14\", Intel Celeron N4020 4GB de RAM 64GB SSD, Intel UHD Graphics 600 1366x768px Windows 10 Home', 'https://http2.mlstatic.com/D_NQ_NP_895255-MLA48454315654_122021-O.webp', '49819', 5, '8', 'Lorem ipsum dolor sit amet consectetur adipisicing elit. Illum, ex voluptates magni eos laboriosam placeat ducimus veritatis esse tempore repudiandae itaque eligendi fuga impedit, et similique? Itaque voluptate velit illum! Lorem ipsum dolor sit amet consectetur adipisicing elit. Illum, ex voluptates magni eos laboriosam placeat ducimus veritatis esse tempore repudiandae itaque eligendi fuga impedit, et similique? Itaque voluptate velit illum! Lorem ipsum dolor sit amet consectetur adipisicing elit. Illum, ex voluptates magni eos laboriosam placeat ducimus veritatis esse tempore repudiandae itaque eligendi fuga impedit, et similique? Itaque voluptate velit illum! Lorem ipsum dolor sit amet consectetur adipisicing elit. Illum, ex voluptates magni eos laboriosam placeat ducimus veritatis ess'),
(60, 'Notebook Asus ZenBook UX425EA gris 14\", Intel Core i5 1135G7 8GB de RAM 512GB SSD, Intel Iris Xe Graphics G7 80EUs 1920x1080px Windows 10 Home', 'https://http2.mlstatic.com/D_NQ_NP_622883-MLA48011304859_102021-O.webp', '169999', 5, '14', 'Lorem ipsum dolor sit amet consectetur adipisicing elit. Illum, ex voluptates magni eos laboriosam placeat ducimus veritatis esse tempore repudiandae itaque eligendi fuga impedit, et similique? Itaque voluptate velit illum! Lorem ipsum dolor sit amet consectetur adipisicing elit. Illum, ex voluptates magni eos laboriosam placeat ducimus veritatis esse tempore repudiandae itaque eligendi fuga impedit, et similique? Itaque voluptate velit illum! Lorem ipsum dolor sit amet consectetur adipisicing elit. Illum, ex voluptates magni eos laboriosam placeat ducimus veritatis esse tempore repudiandae itaque eligendi fuga impedit, et similique? Itaque voluptate velit illum! Lorem ipsum dolor sit amet consectetur adipisicing elit. Illum, ex voluptates magni eos laboriosam placeat ducimus veritatis ess'),
(61, 'Apple Macbook Air (13 pulgadas, 2020, Chip M1, 256 GB de SSD, 8 GB de RAM) - Oro', 'https://http2.mlstatic.com/D_NQ_NP_840786-MLA46516504421_062021-O.webp', '193999', 5, '7', 'Lorem ipsum dolor sit amet consectetur adipisicing elit. Illum, ex voluptates magni eos laboriosam placeat ducimus veritatis esse tempore repudiandae itaque eligendi fuga impedit, et similique? Itaque voluptate velit illum! Lorem ipsum dolor sit amet consectetur adipisicing elit. Illum, ex voluptates magni eos laboriosam placeat ducimus veritatis esse tempore repudiandae itaque eligendi fuga impedit, et similique? Itaque voluptate velit illum! Lorem ipsum dolor sit amet consectetur adipisicing elit. Illum, ex voluptates magni eos laboriosam placeat ducimus veritatis esse tempore repudiandae itaque eligendi fuga impedit, et similique? Itaque voluptate velit illum! Lorem ipsum dolor sit amet consectetur adipisicing elit. Illum, ex voluptates magni eos laboriosam placeat ducimus veritatis ess'),
(62, 'Samsung Galaxy A52 128 GB awesome black 6 GB RAM', 'https://http2.mlstatic.com/D_NQ_NP_927874-MLA45401334658_032021-O.webp', '73999', 4, '2', 'Lorem ipsum dolor sit amet consectetur adipisicing elit. Illum, ex voluptates magni eos laboriosam placeat ducimus veritatis esse tempore repudiandae itaque eligendi fuga impedit, et similique? Itaque voluptate velit illum! Lorem ipsum dolor sit amet consectetur adipisicing elit. Illum, ex voluptates magni eos laboriosam placeat ducimus veritatis esse tempore repudiandae itaque eligendi fuga impedit, et similique? Itaque voluptate velit illum! Lorem ipsum dolor sit amet consectetur adipisicing elit. Illum, ex voluptates magni eos laboriosam placeat ducimus veritatis esse tempore repudiandae itaque eligendi fuga impedit, et similique? Itaque voluptate velit illum! Lorem ipsum dolor sit amet consectetur adipisicing elit. Illum, ex voluptates magni eos laboriosam placeat ducimus veritatis ess'),
(63, 'TCL 20 SE 256 GB nuit black 6 GB RAM', 'https://http2.mlstatic.com/D_NQ_NP_702215-MLA48764860532_012022-O.webp', '41999', 4, '15', 'Lorem ipsum dolor sit amet consectetur adipisicing elit. Illum, ex voluptates magni eos laboriosam placeat ducimus veritatis esse tempore repudiandae itaque eligendi fuga impedit, et similique? Itaque voluptate velit illum! Lorem ipsum dolor sit amet consectetur adipisicing elit. Illum, ex voluptates magni eos laboriosam placeat ducimus veritatis esse tempore repudiandae itaque eligendi fuga impedit, et similique? Itaque voluptate velit illum! Lorem ipsum dolor sit amet consectetur adipisicing elit. Illum, ex voluptates magni eos laboriosam placeat ducimus veritatis esse tempore repudiandae itaque eligendi fuga impedit, et similique? Itaque voluptate velit illum! Lorem ipsum dolor sit amet consectetur adipisicing elit. Illum, ex voluptates magni eos laboriosam placeat ducimus veritatis ess'),
(64, 'Moto G60s 128 GB aqua 6 GB RAM', 'https://http2.mlstatic.com/D_NQ_NP_966438-MLA48112811958_112021-O.webp', '53999', 4, '18', 'Lorem ipsum dolor sit amet consectetur adipisicing elit. Illum, ex voluptates magni eos laboriosam placeat ducimus veritatis esse tempore repudiandae itaque eligendi fuga impedit, et similique? Itaque voluptate velit illum! Lorem ipsum dolor sit amet consectetur adipisicing elit. Illum, ex voluptates magni eos laboriosam placeat ducimus veritatis esse tempore repudiandae itaque eligendi fuga impedit, et similique? Itaque voluptate velit illum! Lorem ipsum dolor sit amet consectetur adipisicing elit. Illum, ex voluptates magni eos laboriosam placeat ducimus veritatis esse tempore repudiandae itaque eligendi fuga impedit, et similique? Itaque voluptate velit illum! Lorem ipsum dolor sit amet consectetur adipisicing elit. Illum, ex voluptates magni eos laboriosam placeat ducimus veritatis ess'),
(65, 'Samsung Galaxy S22 Ultra 12gb 256gb Green', 'https://http2.mlstatic.com/D_NQ_NP_668050-MLA49303776893_032022-O.webp', '262999', 4, '17', 'Lorem ipsum dolor sit amet consectetur adipisicing elit. Illum, ex voluptates magni eos laboriosam placeat ducimus veritatis esse tempore repudiandae itaque eligendi fuga impedit, et similique? Itaque voluptate velit illum! Lorem ipsum dolor sit amet consectetur adipisicing elit. Illum, ex voluptates magni eos laboriosam placeat ducimus veritatis esse tempore repudiandae itaque eligendi fuga impedit, et similique? Itaque voluptate velit illum! Lorem ipsum dolor sit amet consectetur adipisicing elit. Illum, ex voluptates magni eos laboriosam placeat ducimus veritatis esse tempore repudiandae itaque eligendi fuga impedit, et similique? Itaque voluptate velit illum! Lorem ipsum dolor sit amet consectetur adipisicing elit. Illum, ex voluptates magni eos laboriosam placeat ducimus veritatis ess'),
(66, 'Motorola Edge 20 Pro Azul Midnight', 'https://http2.mlstatic.com/D_NQ_NP_883038-MLA48113560480_112021-O.webp', '127899', 4, '7', 'Lorem ipsum dolor sit amet consectetur adipisicing elit. Illum, ex voluptates magni eos laboriosam placeat ducimus veritatis esse tempore repudiandae itaque eligendi fuga impedit, et similique? Itaque voluptate velit illum! Lorem ipsum dolor sit amet consectetur adipisicing elit. Illum, ex voluptates magni eos laboriosam placeat ducimus veritatis esse tempore repudiandae itaque eligendi fuga impedit, et similique? Itaque voluptate velit illum! Lorem ipsum dolor sit amet consectetur adipisicing elit. Illum, ex voluptates magni eos laboriosam placeat ducimus veritatis esse tempore repudiandae itaque eligendi fuga impedit, et similique? Itaque voluptate velit illum! Lorem ipsum dolor sit amet consectetur adipisicing elit. Illum, ex voluptates magni eos laboriosam placeat ducimus veritatis ess'),
(67, 'Xiaomi Redmi Note 10 Pro (Global) Dual SIM 128 GB gris ónix 6 GB RA', 'https://http2.mlstatic.com/D_NQ_NP_815921-MLA46490094279_062021-O.webp', '77990', 4, '23', 'Lorem ipsum dolor sit amet consectetur adipisicing elit. Illum, ex voluptates magni eos laboriosam placeat ducimus veritatis esse tempore repudiandae itaque eligendi fuga impedit, et similique? Itaque voluptate velit illum! Lorem ipsum dolor sit amet consectetur adipisicing elit. Illum, ex voluptates magni eos laboriosam placeat ducimus veritatis esse tempore repudiandae itaque eligendi fuga impedit, et similique? Itaque voluptate velit illum! Lorem ipsum dolor sit amet consectetur adipisicing elit. Illum, ex voluptates magni eos laboriosam placeat ducimus veritatis esse tempore repudiandae itaque eligendi fuga impedit, et similique? Itaque voluptate velit illum! Lorem ipsum dolor sit amet consectetur adipisicing elit. Illum, ex voluptates magni eos laboriosam placeat ducimus veritatis ess'),
(68, 'Moto G71 128 GB arctic blue 6 GB RA', 'https://http2.mlstatic.com/D_NQ_NP_916341-MLA49272367960_032022-O.webp', '59999', 4, '4', 'Lorem ipsum dolor sit amet consectetur adipisicing elit. Illum, ex voluptates magni eos laboriosam placeat ducimus veritatis esse tempore repudiandae itaque eligendi fuga impedit, et similique? Itaque voluptate velit illum! Lorem ipsum dolor sit amet consectetur adipisicing elit. Illum, ex voluptates magni eos laboriosam placeat ducimus veritatis esse tempore repudiandae itaque eligendi fuga impedit, et similique? Itaque voluptate velit illum! Lorem ipsum dolor sit amet consectetur adipisicing elit. Illum, ex voluptates magni eos laboriosam placeat ducimus veritatis esse tempore repudiandae itaque eligendi fuga impedit, et similique? Itaque voluptate velit illum! Lorem ipsum dolor sit amet consectetur adipisicing elit. Illum, ex voluptates magni eos laboriosam placeat ducimus veritatis ess'),
(69, 'Apple iPhone 11 (128 GB) - Blanco', 'https://http2.mlstatic.com/D_NQ_NP_796892-MLA46114829828_052021-O.webp', '167375', 4, '6', 'Lorem ipsum dolor sit amet consectetur adipisicing elit. Illum, ex voluptates magni eos laboriosam placeat ducimus veritatis esse tempore repudiandae itaque eligendi fuga impedit, et similique? Itaque voluptate velit illum! Lorem ipsum dolor sit amet consectetur adipisicing elit. Illum, ex voluptates magni eos laboriosam placeat ducimus veritatis esse tempore repudiandae itaque eligendi fuga impedit, et similique? Itaque voluptate velit illum! Lorem ipsum dolor sit amet consectetur adipisicing elit. Illum, ex voluptates magni eos laboriosam placeat ducimus veritatis esse tempore repudiandae itaque eligendi fuga impedit, et similique? Itaque voluptate velit illum! Lorem ipsum dolor sit amet consectetur adipisicing elit. Illum, ex voluptates magni eos laboriosam placeat ducimus veritatis ess'),
(70, 'Sansei S191 Dual SIM 3 MBnegro y rojo 4 MB RAM', 'https://http2.mlstatic.com/D_NQ_NP_896790-MLA44547132275_012021-O.webp', '5269', 4, '5', 'Lorem ipsum dolor sit amet consectetur adipisicing elit. Illum, ex voluptates magni eos laboriosam placeat ducimus veritatis esse tempore repudiandae itaque eligendi fuga impedit, et similique? Itaque voluptate velit illum! Lorem ipsum dolor sit amet consectetur adipisicing elit. Illum, ex voluptates magni eos laboriosam placeat ducimus veritatis esse tempore repudiandae itaque eligendi fuga impedit, et similique? Itaque voluptate velit illum! Lorem ipsum dolor sit amet consectetur adipisicing elit. Illum, ex voluptates magni eos laboriosam placeat ducimus veritatis esse tempore repudiandae itaque eligendi fuga impedit, et similique? Itaque voluptate velit illum! Lorem ipsum dolor sit amet consectetur adipisicing elit. Illum, ex voluptates magni eos laboriosam placeat ducimus veritatis ess'),
(71, 'Samsung Galaxy Z Flip3 5G 128 GB phantom black 8 GB RAM', 'https://http2.mlstatic.com/D_NQ_NP_979722-MLA47886924929_102021-O.webp', '130000', 4, '11', 'Lorem ipsum dolor sit amet consectetur adipisicing elit. Illum, ex voluptates magni eos laboriosam placeat ducimus veritatis esse tempore repudiandae itaque eligendi fuga impedit, et similique? Itaque voluptate velit illum! Lorem ipsum dolor sit amet consectetur adipisicing elit. Illum, ex voluptates magni eos laboriosam placeat ducimus veritatis esse tempore repudiandae itaque eligendi fuga impedit, et similique? Itaque voluptate velit illum! Lorem ipsum dolor sit amet consectetur adipisicing elit. Illum, ex voluptates magni eos laboriosam placeat ducimus veritatis esse tempore repudiandae itaque eligendi fuga impedit, et similique? Itaque voluptate velit illum! Lorem ipsum dolor sit amet consectetur adipisicing elit. Illum, ex voluptates magni eos laboriosam placeat ducimus veritatis ess'),
(72, 'Alcatel 3H 64 GB elegant black 3 GB RAM', 'https://http2.mlstatic.com/D_NQ_NP_705727-MLA47762780436_102021-O.webp', '32899', 4, '8', 'Lorem ipsum dolor sit amet consectetur adipisicing elit. Illum, ex voluptates magni eos laboriosam placeat ducimus veritatis esse tempore repudiandae itaque eligendi fuga impedit, et similique? Itaque voluptate velit illum! Lorem ipsum dolor sit amet consectetur adipisicing elit. Illum, ex voluptates magni eos laboriosam placeat ducimus veritatis esse tempore repudiandae itaque eligendi fuga impedit, et similique? Itaque voluptate velit illum! Lorem ipsum dolor sit amet consectetur adipisicing elit. Illum, ex voluptates magni eos laboriosam placeat ducimus veritatis esse tempore repudiandae itaque eligendi fuga impedit, et similique? Itaque voluptate velit illum! Lorem ipsum dolor sit amet consectetur adipisicing elit. Illum, ex voluptates magni eos laboriosam placeat ducimus veritatis ess'),
(73, 'Apple iPhone SE (2da generación) 128 GB - Blanco', 'https://http2.mlstatic.com/D_NQ_NP_963630-MLA46552310340_062021-O.webp', '125747', 4, '15', 'Lorem ipsum dolor sit amet consectetur adipisicing elit. Illum, ex voluptates magni eos laboriosam placeat ducimus veritatis esse tempore repudiandae itaque eligendi fuga impedit, et similique? Itaque voluptate velit illum! Lorem ipsum dolor sit amet consectetur adipisicing elit. Illum, ex voluptates magni eos laboriosam placeat ducimus veritatis esse tempore repudiandae itaque eligendi fuga impedit, et similique? Itaque voluptate velit illum! Lorem ipsum dolor sit amet consectetur adipisicing elit. Illum, ex voluptates magni eos laboriosam placeat ducimus veritatis esse tempore repudiandae itaque eligendi fuga impedit, et similique? Itaque voluptate velit illum! Lorem ipsum dolor sit amet consectetur adipisicing elit. Illum, ex voluptates magni eos laboriosam placeat ducimus veritatis ess'),
(74, 'Xiaomi Pocophone Poco X4 Pro 5G Dual SIM 256 GB poco yellow 8 GB RAM', 'https://http2.mlstatic.com/D_NQ_NP_969571-MLA49423138759_032022-O.webp', '103720', 4, '26', 'Lorem ipsum dolor sit amet consectetur adipisicing elit. Illum, ex voluptates magni eos laboriosam placeat ducimus veritatis esse tempore repudiandae itaque eligendi fuga impedit, et similique? Itaque voluptate velit illum! Lorem ipsum dolor sit amet consectetur adipisicing elit. Illum, ex voluptates magni eos laboriosam placeat ducimus veritatis esse tempore repudiandae itaque eligendi fuga impedit, et similique? Itaque voluptate velit illum! Lorem ipsum dolor sit amet consectetur adipisicing elit. Illum, ex voluptates magni eos laboriosam placeat ducimus veritatis esse tempore repudiandae itaque eligendi fuga impedit, et similique? Itaque voluptate velit illum! Lorem ipsum dolor sit amet consectetur adipisicing elit. Illum, ex voluptates magni eos laboriosam placeat ducimus veritatis ess'),
(75, 'Samsung Galaxy S22+ 8gb 256gb Green', 'https://http2.mlstatic.com/D_NQ_NP_819694-MLA49303777810_032022-O.webp', '209999', 4, '12', 'Lorem ipsum dolor sit amet consectetur adipisicing elit. Illum, ex voluptates magni eos laboriosam placeat ducimus veritatis esse tempore repudiandae itaque eligendi fuga impedit, et similique? Itaque voluptate velit illum! Lorem ipsum dolor sit amet consectetur adipisicing elit. Illum, ex voluptates magni eos laboriosam placeat ducimus veritatis esse tempore repudiandae itaque eligendi fuga impedit, et similique? Itaque voluptate velit illum! Lorem ipsum dolor sit amet consectetur adipisicing elit. Illum, ex voluptates magni eos laboriosam placeat ducimus veritatis esse tempore repudiandae itaque eligendi fuga impedit, et similique? Itaque voluptate velit illum! Lorem ipsum dolor sit amet consectetur adipisicing elit. Illum, ex voluptates magni eos laboriosam placeat ducimus veritatis ess'),
(76, 'Apple iPhone 13 Pro Max (256 GB) - Plata', 'https://http2.mlstatic.com/D_NQ_NP_696612-MLA47776655319_102021-O.webp', '349316', 4, '20', 'Lorem ipsum dolor sit amet consectetur adipisicing elit. Illum, ex voluptates magni eos laboriosam placeat ducimus veritatis esse tempore repudiandae itaque eligendi fuga impedit, et similique? Itaque voluptate velit illum! Lorem ipsum dolor sit amet consectetur adipisicing elit. Illum, ex voluptates magni eos laboriosam placeat ducimus veritatis esse tempore repudiandae itaque eligendi fuga impedit, et similique? Itaque voluptate velit illum! Lorem ipsum dolor sit amet consectetur adipisicing elit. Illum, ex voluptates magni eos laboriosam placeat ducimus veritatis esse tempore repudiandae itaque eligendi fuga impedit, et similique? Itaque voluptate velit illum! Lorem ipsum dolor sit amet consectetur adipisicing elit. Illum, ex voluptates magni eos laboriosam placeat ducimus veritatis ess'),
(77, 'ZTE Blade A31 Lite 32 GB black 1 GB RAM', 'https://http2.mlstatic.com/D_NQ_NP_602544-MLA49273862278_032022-O.webp', '14999', 4, '19', 'Lorem ipsum dolor sit amet consectetur adipisicing elit. Illum, ex voluptates magni eos laboriosam placeat ducimus veritatis esse tempore repudiandae itaque eligendi fuga impedit, et similique? Itaque voluptate velit illum! Lorem ipsum dolor sit amet consectetur adipisicing elit. Illum, ex voluptates magni eos laboriosam placeat ducimus veritatis esse tempore repudiandae itaque eligendi fuga impedit, et similique? Itaque voluptate velit illum! Lorem ipsum dolor sit amet consectetur adipisicing elit. Illum, ex voluptates magni eos laboriosam placeat ducimus veritatis esse tempore repudiandae itaque eligendi fuga impedit, et similique? Itaque voluptate velit illum! Lorem ipsum dolor sit amet consectetur adipisicing elit. Illum, ex voluptates magni eos laboriosam placeat ducimus veritatis ess'),
(78, 'Ulefone Armor 7 2019 Dual SIM 128 GB negro 8 GB RAM', 'https://http2.mlstatic.com/D_NQ_NP_614751-MLA41318640977_042020-O.webp', '92900', 4, '1', 'Lorem ipsum dolor sit amet consectetur adipisicing elit. Illum, ex voluptates magni eos laboriosam placeat ducimus veritatis esse tempore repudiandae itaque eligendi fuga impedit, et similique? Itaque voluptate velit illum! Lorem ipsum dolor sit amet consectetur adipisicing elit. Illum, ex voluptates magni eos laboriosam placeat ducimus veritatis esse tempore repudiandae itaque eligendi fuga impedit, et similique? Itaque voluptate velit illum! Lorem ipsum dolor sit amet consectetur adipisicing elit. Illum, ex voluptates magni eos laboriosam placeat ducimus veritatis esse tempore repudiandae itaque eligendi fuga impedit, et similique? Itaque voluptate velit illum! Lorem ipsum dolor sit amet consectetur adipisicing elit. Illum, ex voluptates magni eos laboriosam placeat ducimus veritatis ess'),
(79, 'CAT S42 Dual SIM 32 GB negro 3 GB RAM', 'https://http2.mlstatic.com/D_NQ_NP_962521-MLA44009352795_112020-O.webp', '69999', 4, '27', 'Lorem ipsum dolor sit amet consectetur adipisicing elit. Illum, ex voluptates magni eos laboriosam placeat ducimus veritatis esse tempore repudiandae itaque eligendi fuga impedit, et similique? Itaque voluptate velit illum! Lorem ipsum dolor sit amet consectetur adipisicing elit. Illum, ex voluptates magni eos laboriosam placeat ducimus veritatis esse tempore repudiandae itaque eligendi fuga impedit, et similique? Itaque voluptate velit illum! Lorem ipsum dolor sit amet consectetur adipisicing elit. Illum, ex voluptates magni eos laboriosam placeat ducimus veritatis esse tempore repudiandae itaque eligendi fuga impedit, et similique? Itaque voluptate velit illum! Lorem ipsum dolor sit amet consectetur adipisicing elit. Illum, ex voluptates magni eos laboriosam placeat ducimus veritatis ess'),
(80, 'Apple iPhone XR 64 GB - Negro', 'https://http2.mlstatic.com/D_NQ_NP_941671-MLA46545254213_062021-O.webp', '160000', 4, '19', 'Lorem ipsum dolor sit amet consectetur adipisicing elit. Illum, ex voluptates magni eos laboriosam placeat ducimus veritatis esse tempore repudiandae itaque eligendi fuga impedit, et similique? Itaque voluptate velit illum! Lorem ipsum dolor sit amet consectetur adipisicing elit. Illum, ex voluptates magni eos laboriosam placeat ducimus veritatis esse tempore repudiandae itaque eligendi fuga impedit, et similique? Itaque voluptate velit illum! Lorem ipsum dolor sit amet consectetur adipisicing elit. Illum, ex voluptates magni eos laboriosam placeat ducimus veritatis esse tempore repudiandae itaque eligendi fuga impedit, et similique? Itaque voluptate velit illum! Lorem ipsum dolor sit amet consectetur adipisicing elit. Illum, ex voluptates magni eos laboriosam placeat ducimus veritatis ess'),
(81, 'Celular Samsung Galaxy A13 64/4gb Black', 'https://http2.mlstatic.com/D_NQ_NP_923406-MLA50136802812_052022-O.webp', '42999', 4, '4', 'Lorem ipsum dolor sit amet consectetur adipisicing elit. Illum, ex voluptates magni eos laboriosam placeat ducimus veritatis esse tempore repudiandae itaque eligendi fuga impedit, et similique? Itaque voluptate velit illum! Lorem ipsum dolor sit amet consectetur adipisicing elit. Illum, ex voluptates magni eos laboriosam placeat ducimus veritatis esse tempore repudiandae itaque eligendi fuga impedit, et similique? Itaque voluptate velit illum! Lorem ipsum dolor sit amet consectetur adipisicing elit. Illum, ex voluptates magni eos laboriosam placeat ducimus veritatis esse tempore repudiandae itaque eligendi fuga impedit, et similique? Itaque voluptate velit illum! Lorem ipsum dolor sit amet consectetur adipisicing elit. Illum, ex voluptates magni eos laboriosam placeat ducimus veritatis ess'),
(82, 'Smart TV Samsung Series 7 UN50AU7000GCZB LED 4K 50\" 220V - 240V', 'https://http2.mlstatic.com/D_NQ_NP_787221-MLA48007684849_102021-O.webp', '94499', 1, '5', 'Lorem ipsum dolor sit amet consectetur adipisicing elit. Illum, ex voluptates magni eos laboriosam placeat ducimus veritatis esse tempore repudiandae itaque eligendi fuga impedit, et similique? Itaque voluptate velit illum! Lorem ipsum dolor sit amet consectetur adipisicing elit. Illum, ex voluptates magni eos laboriosam placeat ducimus veritatis esse tempore repudiandae itaque eligendi fuga impedit, et similique? Itaque voluptate velit illum! Lorem ipsum dolor sit amet consectetur adipisicing elit. Illum, ex voluptates magni eos laboriosam placeat ducimus veritatis esse tempore repudiandae itaque eligendi fuga impedit, et similique? Itaque voluptate velit illum! Lorem ipsum dolor sit amet consectetur adipisicing elit. Illum, ex voluptates magni eos laboriosam placeat ducimus veritatis ess'),
(83, 'Smart TV Noblex DK32X5000 LED HD 32\" 220V', 'https://http2.mlstatic.com/D_NQ_NP_974663-MLA47846000904_102021-O.webp', '38999', 1, '20', 'Lorem ipsum dolor sit amet consectetur adipisicing elit. Illum, ex voluptates magni eos laboriosam placeat ducimus veritatis esse tempore repudiandae itaque eligendi fuga impedit, et similique? Itaque voluptate velit illum! Lorem ipsum dolor sit amet consectetur adipisicing elit. Illum, ex voluptates magni eos laboriosam placeat ducimus veritatis esse tempore repudiandae itaque eligendi fuga impedit, et similique? Itaque voluptate velit illum! Lorem ipsum dolor sit amet consectetur adipisicing elit. Illum, ex voluptates magni eos laboriosam placeat ducimus veritatis esse tempore repudiandae itaque eligendi fuga impedit, et similique? Itaque voluptate velit illum! Lorem ipsum dolor sit amet consectetur adipisicing elit. Illum, ex voluptates magni eos laboriosam placeat ducimus veritatis ess'),
(84, 'Smart TV Samsung Series 4 UN32T4300AGCZB LED HD 32\" 220V - 240V', 'https://http2.mlstatic.com/D_NQ_NP_934496-MLA45625835121_042021-O.webp', '47999', 1, '8', 'Lorem ipsum dolor sit amet consectetur adipisicing elit. Illum, ex voluptates magni eos laboriosam placeat ducimus veritatis esse tempore repudiandae itaque eligendi fuga impedit, et similique? Itaque voluptate velit illum! Lorem ipsum dolor sit amet consectetur adipisicing elit. Illum, ex voluptates magni eos laboriosam placeat ducimus veritatis esse tempore repudiandae itaque eligendi fuga impedit, et similique? Itaque voluptate velit illum! Lorem ipsum dolor sit amet consectetur adipisicing elit. Illum, ex voluptates magni eos laboriosam placeat ducimus veritatis esse tempore repudiandae itaque eligendi fuga impedit, et similique? Itaque voluptate velit illum! Lorem ipsum dolor sit amet consectetur adipisicing elit. Illum, ex voluptates magni eos laboriosam placeat ducimus veritatis ess'),
(85, 'Smart TV Xiaomi Mi TV P1 55 4K 55\" 100V/240V', 'https://http2.mlstatic.com/D_NQ_NP_944789-MLA49043958121_022022-O.webp', '119900', 1, '14', 'Lorem ipsum dolor sit amet consectetur adipisicing elit. Illum, ex voluptates magni eos laboriosam placeat ducimus veritatis esse tempore repudiandae itaque eligendi fuga impedit, et similique? Itaque voluptate velit illum! Lorem ipsum dolor sit amet consectetur adipisicing elit. Illum, ex voluptates magni eos laboriosam placeat ducimus veritatis esse tempore repudiandae itaque eligendi fuga impedit, et similique? Itaque voluptate velit illum! Lorem ipsum dolor sit amet consectetur adipisicing elit. Illum, ex voluptates magni eos laboriosam placeat ducimus veritatis esse tempore repudiandae itaque eligendi fuga impedit, et similique? Itaque voluptate velit illum! Lorem ipsum dolor sit amet consectetur adipisicing elit. Illum, ex voluptates magni eos laboriosam placeat ducimus veritatis ess'),
(86, 'Smart TV TCL S6500 Series L42S6500 LED Full HD 42\" 220V', 'https://http2.mlstatic.com/D_NQ_NP_946851-MLA47131359813_082021-O.webp', '59499', 1, '13', 'Lorem ipsum dolor sit amet consectetur adipisicing elit. Illum, ex voluptates magni eos laboriosam placeat ducimus veritatis esse tempore repudiandae itaque eligendi fuga impedit, et similique? Itaque voluptate velit illum! Lorem ipsum dolor sit amet consectetur adipisicing elit. Illum, ex voluptates magni eos laboriosam placeat ducimus veritatis esse tempore repudiandae itaque eligendi fuga impedit, et similique? Itaque voluptate velit illum! Lorem ipsum dolor sit amet consectetur adipisicing elit. Illum, ex voluptates magni eos laboriosam placeat ducimus veritatis esse tempore repudiandae itaque eligendi fuga impedit, et similique? Itaque voluptate velit illum! Lorem ipsum dolor sit amet consectetur adipisicing elit. Illum, ex voluptates magni eos laboriosam placeat ducimus veritatis ess'),
(87, 'Smart TV RCA X55ANDTV LED 4K 55\" 100V/240', 'https://http2.mlstatic.com/D_NQ_NP_752157-MLA40931045887_022020-O.webp', '105999', 1, '23', 'Lorem ipsum dolor sit amet consectetur adipisicing elit. Illum, ex voluptates magni eos laboriosam placeat ducimus veritatis esse tempore repudiandae itaque eligendi fuga impedit, et similique? Itaque voluptate velit illum! Lorem ipsum dolor sit amet consectetur adipisicing elit. Illum, ex voluptates magni eos laboriosam placeat ducimus veritatis esse tempore repudiandae itaque eligendi fuga impedit, et similique? Itaque voluptate velit illum! Lorem ipsum dolor sit amet consectetur adipisicing elit. Illum, ex voluptates magni eos laboriosam placeat ducimus veritatis esse tempore repudiandae itaque eligendi fuga impedit, et similique? Itaque voluptate velit illum! Lorem ipsum dolor sit amet consectetur adipisicing elit. Illum, ex voluptates magni eos laboriosam placeat ducimus veritatis ess'),
(88, 'Smart TV Feelnology F4321FS5 LED Full HD 43\" 220V', 'https://http2.mlstatic.com/D_NQ_NP_796429-MLA48809404792_012022-O.webp', '45999', 1, '27', 'Lorem ipsum dolor sit amet consectetur adipisicing elit. Illum, ex voluptates magni eos laboriosam placeat ducimus veritatis esse tempore repudiandae itaque eligendi fuga impedit, et similique? Itaque voluptate velit illum! Lorem ipsum dolor sit amet consectetur adipisicing elit. Illum, ex voluptates magni eos laboriosam placeat ducimus veritatis esse tempore repudiandae itaque eligendi fuga impedit, et similique? Itaque voluptate velit illum! Lorem ipsum dolor sit amet consectetur adipisicing elit. Illum, ex voluptates magni eos laboriosam placeat ducimus veritatis esse tempore repudiandae itaque eligendi fuga impedit, et similique? Itaque voluptate velit illum! Lorem ipsum dolor sit amet consectetur adipisicing elit. Illum, ex voluptates magni eos laboriosam placeat ducimus veritatis ess'),
(89, 'Smart Tv Noblex Dk43x5100 Led Full Hd 43', 'https://http2.mlstatic.com/D_NQ_NP_848039-MLA47150751310_082021-O.webp', '48499', 1, '21', 'Lorem ipsum dolor sit amet consectetur adipisicing elit. Illum, ex voluptates magni eos laboriosam placeat ducimus veritatis esse tempore repudiandae itaque eligendi fuga impedit, et similique? Itaque voluptate velit illum! Lorem ipsum dolor sit amet consectetur adipisicing elit. Illum, ex voluptates magni eos laboriosam placeat ducimus veritatis esse tempore repudiandae itaque eligendi fuga impedit, et similique? Itaque voluptate velit illum! Lorem ipsum dolor sit amet consectetur adipisicing elit. Illum, ex voluptates magni eos laboriosam placeat ducimus veritatis esse tempore repudiandae itaque eligendi fuga impedit, et similique? Itaque voluptate velit illum! Lorem ipsum dolor sit amet consectetur adipisicing elit. Illum, ex voluptates magni eos laboriosam placeat ducimus veritatis ess'),
(90, 'Smart TV Candy 55SV1200 LED 4K 55\" 110V/240V', 'https://http2.mlstatic.com/D_NQ_NP_730788-MLA48732012825_012022-O.webp', '80578', 1, '4', 'Lorem ipsum dolor sit amet consectetur adipisicing elit. Illum, ex voluptates magni eos laboriosam placeat ducimus veritatis esse tempore repudiandae itaque eligendi fuga impedit, et similique? Itaque voluptate velit illum! Lorem ipsum dolor sit amet consectetur adipisicing elit. Illum, ex voluptates magni eos laboriosam placeat ducimus veritatis esse tempore repudiandae itaque eligendi fuga impedit, et similique? Itaque voluptate velit illum! Lorem ipsum dolor sit amet consectetur adipisicing elit. Illum, ex voluptates magni eos laboriosam placeat ducimus veritatis esse tempore repudiandae itaque eligendi fuga impedit, et similique? Itaque voluptate velit illum! Lorem ipsum dolor sit amet consectetur adipisicing elit. Illum, ex voluptates magni eos laboriosam placeat ducimus veritatis ess'),
(91, 'Smart TV Philco PLD32HS21CH LED HD 32\" 220V', 'https://http2.mlstatic.com/D_NQ_NP_887550-MLA48851676073_012022-O.webp', '36800', 1, '14', 'Lorem ipsum dolor sit amet consectetur adipisicing elit. Illum, ex voluptates magni eos laboriosam placeat ducimus veritatis esse tempore repudiandae itaque eligendi fuga impedit, et similique? Itaque voluptate velit illum! Lorem ipsum dolor sit amet consectetur adipisicing elit. Illum, ex voluptates magni eos laboriosam placeat ducimus veritatis esse tempore repudiandae itaque eligendi fuga impedit, et similique? Itaque voluptate velit illum! Lorem ipsum dolor sit amet consectetur adipisicing elit. Illum, ex voluptates magni eos laboriosam placeat ducimus veritatis esse tempore repudiandae itaque eligendi fuga impedit, et similique? Itaque voluptate velit illum! Lorem ipsum dolor sit amet consectetur adipisicing elit. Illum, ex voluptates magni eos laboriosam placeat ducimus veritatis ess'),
(92, 'Smart TV TCL P-Series 55P715 DLED 4K 55\" 100V/240V', 'https://http2.mlstatic.com/D_NQ_NP_884195-MLA43940979390_102020-O.webp', '102999', 1, '4', 'Lorem ipsum dolor sit amet consectetur adipisicing elit. Illum, ex voluptates magni eos laboriosam placeat ducimus veritatis esse tempore repudiandae itaque eligendi fuga impedit, et similique? Itaque voluptate velit illum! Lorem ipsum dolor sit amet consectetur adipisicing elit. Illum, ex voluptates magni eos laboriosam placeat ducimus veritatis esse tempore repudiandae itaque eligendi fuga impedit, et similique? Itaque voluptate velit illum! Lorem ipsum dolor sit amet consectetur adipisicing elit. Illum, ex voluptates magni eos laboriosam placeat ducimus veritatis esse tempore repudiandae itaque eligendi fuga impedit, et similique? Itaque voluptate velit illum! Lorem ipsum dolor sit amet consectetur adipisicing elit. Illum, ex voluptates magni eos laboriosam placeat ducimus veritatis ess'),
(93, 'Smart TV Hisense PNE040252 LED Full HD 43\" 220V', 'https://http2.mlstatic.com/D_NQ_NP_776800-MLA46947273605_082021-V.webp', '52000', 1, '20', 'Lorem ipsum dolor sit amet consectetur adipisicing elit. Illum, ex voluptates magni eos laboriosam placeat ducimus veritatis esse tempore repudiandae itaque eligendi fuga impedit, et similique? Itaque voluptate velit illum! Lorem ipsum dolor sit amet consectetur adipisicing elit. Illum, ex voluptates magni eos laboriosam placeat ducimus veritatis esse tempore repudiandae itaque eligendi fuga impedit, et similique? Itaque voluptate velit illum! Lorem ipsum dolor sit amet consectetur adipisicing elit. Illum, ex voluptates magni eos laboriosam placeat ducimus veritatis esse tempore repudiandae itaque eligendi fuga impedit, et similique? Itaque voluptate velit illum! Lorem ipsum dolor sit amet consectetur adipisicing elit. Illum, ex voluptates magni eos laboriosam placeat ducimus veritatis ess'),
(94, 'Smart Tv Philco Led 32 91pld32hs21ch Hd Con Android', 'https://http2.mlstatic.com/D_NQ_NP_701081-MLA48861707169_012022-V.webp', '36800', 1, '13', 'Lorem ipsum dolor sit amet consectetur adipisicing elit. Illum, ex voluptates magni eos laboriosam placeat ducimus veritatis esse tempore repudiandae itaque eligendi fuga impedit, et similique? Itaque voluptate velit illum! Lorem ipsum dolor sit amet consectetur adipisicing elit. Illum, ex voluptates magni eos laboriosam placeat ducimus veritatis esse tempore repudiandae itaque eligendi fuga impedit, et similique? Itaque voluptate velit illum! Lorem ipsum dolor sit amet consectetur adipisicing elit. Illum, ex voluptates magni eos laboriosam placeat ducimus veritatis esse tempore repudiandae itaque eligendi fuga impedit, et similique? Itaque voluptate velit illum! Lorem ipsum dolor sit amet consectetur adipisicing elit. Illum, ex voluptates magni eos laboriosam placeat ducimus veritatis ess');

-- --------------------------------------------------------

--
-- Estructura de tabla para la tabla `users`
--

CREATE TABLE `users` (
  `id` int(11) NOT NULL,
  `name` varchar(350) NOT NULL,
  `last_name` varchar(250) NOT NULL,
  `user_name` varchar(150) NOT NULL,
  `password` varchar(150) NOT NULL
) ENGINE=InnoDB DEFAULT CHARSET=utf8mb4;

--
-- Volcado de datos para la tabla `users`
--

INSERT INTO `users` (`id`, `name`, `last_name`, `user_name`, `password`) VALUES
(1, 'Joaquin', 'Vietto', 'joaco8', 'joaquin123'),
(2, 'Felipe', 'Arenillas', 'feli123', '12345'),
(3, 'Franco', 'Piancatelli', 'franchu', 'franco12345'),
(4, 'Julian', 'Gergolet', 'juli_123', 'juli12345');

--
-- Índices para tablas volcadas
--

--
-- Indices de la tabla `categories`
--
ALTER TABLE `categories`
  ADD PRIMARY KEY (`id`);

--
-- Indices de la tabla `details`
--
ALTER TABLE `details`
  ADD PRIMARY KEY (`id`);

--
-- Indices de la tabla `orders`
--
ALTER TABLE `orders`
  ADD PRIMARY KEY (`id`);

--
-- Indices de la tabla `products`
--
ALTER TABLE `products`
  ADD PRIMARY KEY (`id`);

--
-- Indices de la tabla `users`
--
ALTER TABLE `users`
  ADD PRIMARY KEY (`id`),
  ADD UNIQUE KEY `user_name` (`user_name`);

--
-- AUTO_INCREMENT de las tablas volcadas
--

--
-- AUTO_INCREMENT de la tabla `categories`
--
ALTER TABLE `categories`
  MODIFY `id` int(11) NOT NULL AUTO_INCREMENT, AUTO_INCREMENT=6;

--
-- AUTO_INCREMENT de la tabla `details`
--
ALTER TABLE `details`
  MODIFY `id` int(11) NOT NULL AUTO_INCREMENT, AUTO_INCREMENT=27;

--
-- AUTO_INCREMENT de la tabla `orders`
--
ALTER TABLE `orders`
  MODIFY `id` int(11) NOT NULL AUTO_INCREMENT, AUTO_INCREMENT=18;

--
-- AUTO_INCREMENT de la tabla `products`
--
ALTER TABLE `products`
  MODIFY `id` int(11) NOT NULL AUTO_INCREMENT, AUTO_INCREMENT=95;

--
-- AUTO_INCREMENT de la tabla `users`
--
ALTER TABLE `users`
  MODIFY `id` int(11) NOT NULL AUTO_INCREMENT, AUTO_INCREMENT=5;
COMMIT;

/*!40101 SET CHARACTER_SET_CLIENT=@OLD_CHARACTER_SET_CLIENT */;
/*!40101 SET CHARACTER_SET_RESULTS=@OLD_CHARACTER_SET_RESULTS */;
/*!40101 SET COLLATION_CONNECTION=@OLD_COLLATION_CONNECTION */;



